,ID,real_year,lon_orig,lat_orig,yield_pred
0,1319737,2021,-123.25,44.75,2.1028237
1,1319738,2021,-123.25,45.25,2.3033497
2,1319739,2021,-123.25,45.75,2.1609323
3,1319740,2021,-122.75,44.75,1.9445183
4,1319741,2021,-122.75,45.25,2.1685665
5,1319742,2021,-122.25,38.25,2.107853
6,1319743,2021,-122.25,38.75,1.7391642
7,1319744,2021,-121.75,38.25,2.6415067
8,1319745,2021,-121.75,38.75,1.8871256
9,1319746,2021,-121.25,45.25,
10,1319747,2021,-121.25,45.75,
11,1319748,2021,-120.75,44.75,2.0382743
12,1319749,2021,-120.75,45.25,1.8224124
13,1319750,2021,-120.75,45.75,
14,1319751,2021,-120.75,55.75,-1.1472465
15,1319752,2021,-120.75,56.25,-0.5540155
16,1319753,2021,-120.25,36.75,
17,1319754,2021,-120.25,45.25,2.2164154
18,1319755,2021,-120.25,45.75,
19,1319756,2021,-120.25,46.25,1.0454766
20,1319757,2021,-120.25,47.25,0.50978005
21,1319758,2021,-120.25,47.75,
22,1319759,2021,-120.25,55.75,0.32384273
23,1319760,2021,-120.25,56.25,0.9792589
24,1319761,2021,-119.75,36.25,
25,1319762,2021,-119.75,45.25,0.43764398
26,1319763,2021,-119.75,45.75,
27,1319764,2021,-119.75,46.25,
28,1319765,2021,-119.75,46.75,0.35296342
29,1319766,2021,-119.75,47.25,
30,1319767,2021,-119.75,47.75,0.6128031
31,1319768,2021,-119.75,48.25,0.693701
32,1319769,2021,-119.75,55.25,0.7289666
33,1319770,2021,-119.75,55.75,0.6636226
34,1319771,2021,-119.75,56.25,0.8521025
35,1319772,2021,-119.25,36.25,1.6766309
36,1319773,2021,-119.25,45.25,0.5903194
37,1319774,2021,-119.25,45.75,0.47803712
38,1319775,2021,-119.25,46.75,
39,1319776,2021,-119.25,47.25,
40,1319777,2021,-119.25,47.75,1.3027847
41,1319778,2021,-119.25,48.25,1.7157543
42,1319779,2021,-119.25,55.25,
43,1319780,2021,-119.25,55.75,3.0578783
44,1319781,2021,-119.25,56.25,
45,1319782,2021,-119.25,56.75,2.8697455
46,1319783,2021,-118.75,45.25,2.2153506
47,1319784,2021,-118.75,45.75,1.5712316
48,1319785,2021,-118.75,46.25,1.3117001
49,1319786,2021,-118.75,46.75,
50,1319787,2021,-118.75,47.25,
51,1319788,2021,-118.75,47.75,
52,1319789,2021,-118.75,55.25,
53,1319790,2021,-118.75,55.75,2.8568063
54,1319791,2021,-118.75,56.25,3.0370052
55,1319792,2021,-118.25,45.25,1.8840547
56,1319793,2021,-118.25,45.75,1.4592879
57,1319794,2021,-118.25,46.25,1.6538019
58,1319795,2021,-118.25,46.75,
59,1319796,2021,-118.25,47.25,
60,1319797,2021,-118.25,47.75,
61,1319798,2021,-118.25,55.25,
62,1319799,2021,-118.25,55.75,
63,1319800,2021,-118.25,56.25,
64,1319801,2021,-117.75,45.25,1.9270904
65,1319802,2021,-117.75,45.75,1.8979888
66,1319803,2021,-117.75,46.25,1.8465834
67,1319804,2021,-117.75,46.75,
68,1319805,2021,-117.75,47.25,1.1301603
69,1319806,2021,-117.75,47.75,
70,1319807,2021,-117.75,55.25,
71,1319808,2021,-117.75,55.75,
72,1319809,2021,-117.75,56.25,
73,1319810,2021,-117.75,56.75,3.638053
74,1319811,2021,-117.75,57.25,3.5893795
75,1319812,2021,-117.25,43.75,0.8190408
76,1319813,2021,-117.25,46.25,0.08536315
77,1319814,2021,-117.25,46.75,
78,1319815,2021,-117.25,47.25,
79,1319816,2021,-117.25,47.75,1.4188293
80,1319817,2021,-117.25,54.75,3.2677076
81,1319818,2021,-117.25,55.25,3.7791495
82,1319819,2021,-117.25,55.75,
83,1319820,2021,-117.25,56.25,
84,1319821,2021,-117.25,56.75,3.6403918
85,1319822,2021,-117.25,57.25,3.7328658
86,1319823,2021,-116.75,43.75,0.69096786
87,1319824,2021,-116.75,44.25,0.77722436
88,1319825,2021,-116.75,46.25,1.012138
89,1319826,2021,-116.75,46.75,0.072403885
90,1319827,2021,-116.75,47.25,
91,1319828,2021,-116.75,48.75,2.3839085
92,1319829,2021,-116.75,55.25,3.1594903
93,1319830,2021,-116.75,55.75,
94,1319831,2021,-116.75,57.75,3.7190971
95,1319832,2021,-116.75,58.25,3.9359312
96,1319833,2021,-116.25,45.75,1.2558677
97,1319834,2021,-116.25,46.25,1.2116569
98,1319835,2021,-116.25,46.75,1.1363908
99,1319836,2021,-116.25,48.75,2.2166164
100,1319837,2021,-116.25,55.25,
101,1319838,2021,-116.25,55.75,3.6770415
102,1319839,2021,-116.25,58.25,3.9028866
103,1319840,2021,-115.75,46.25,0.99583167
104,1319841,2021,-115.75,58.25,3.8732736
105,1319842,2021,-115.25,53.25,3.6172369
106,1319843,2021,-115.25,53.75,3.6379426
107,1319844,2021,-115.25,54.25,2.853327
108,1319845,2021,-114.75,42.75,0.5188763
109,1319846,2021,-114.75,52.75,3.9524426
110,1319847,2021,-114.75,53.25,3.5806973
111,1319848,2021,-114.75,53.75,3.7510762
112,1319849,2021,-114.75,54.25,3.5902812
113,1319850,2021,-114.25,42.25,0.8487484
114,1319851,2021,-114.25,42.75,0.79119515
115,1319852,2021,-114.25,47.25,
116,1319853,2021,-114.25,47.75,
117,1319854,2021,-114.25,48.25,2.8004777
118,1319855,2021,-114.25,49.25,
119,1319856,2021,-114.25,49.75,2.4315982
120,1319857,2021,-114.25,50.25,2.0247536
121,1319858,2021,-114.25,51.75,3.0769722
122,1319859,2021,-114.25,52.25,
123,1319860,2021,-114.25,52.75,3.920584
124,1319861,2021,-114.25,53.25,
125,1319862,2021,-114.25,53.75,3.7493002
126,1319863,2021,-114.25,54.25,3.6305425
127,1319864,2021,-113.75,42.25,1.0391989
128,1319865,2021,-113.75,42.75,1.1911846
129,1319866,2021,-113.75,49.25,
130,1319867,2021,-113.75,49.75,
131,1319868,2021,-113.75,50.25,
132,1319869,2021,-113.75,51.25,1.3973621
133,1319870,2021,-113.75,51.75,1.3367076
134,1319871,2021,-113.75,52.25,
135,1319872,2021,-113.75,52.75,
136,1319873,2021,-113.75,53.25,
137,1319874,2021,-113.75,53.75,2.1970859
138,1319875,2021,-113.75,54.25,2.248593
139,1319876,2021,-113.75,54.75,2.2103837
140,1319877,2021,-113.25,41.75,
141,1319878,2021,-113.25,42.25,1.0922523
142,1319879,2021,-113.25,42.75,0.7491415
143,1319880,2021,-113.25,48.25,2.1749582
144,1319881,2021,-113.25,48.75,
145,1319882,2021,-113.25,49.25,2.2980397
146,1319883,2021,-113.25,50.75,
147,1319884,2021,-113.25,51.75,
148,1319885,2021,-113.25,52.25,
149,1319886,2021,-113.25,52.75,
150,1319887,2021,-113.25,53.25,
151,1319888,2021,-113.25,53.75,2.2396474
152,1319889,2021,-113.25,54.25,2.3242607
153,1319890,2021,-113.25,54.75,2.3540974
154,1319891,2021,-112.75,41.75,0.16307087
155,1319892,2021,-112.75,42.25,1.4550145
156,1319893,2021,-112.75,42.75,1.2915984
157,1319894,2021,-112.75,47.75,1.3827144
158,1319895,2021,-112.75,48.75,
159,1319896,2021,-112.75,49.25,
160,1319897,2021,-112.75,50.75,
161,1319898,2021,-112.75,52.25,
162,1319899,2021,-112.75,52.75,
163,1319900,2021,-112.75,53.25,
164,1319901,2021,-112.75,53.75,1.0957882
165,1319902,2021,-112.75,54.75,1.3484558
166,1319903,2021,-112.25,41.75,0.97871226
167,1319904,2021,-112.25,42.25,0.5033428
168,1319905,2021,-112.25,42.75,-0.116351135
169,1319906,2021,-112.25,43.25,0.95732147
170,1319907,2021,-112.25,43.75,0.19658814
171,1319908,2021,-112.25,47.25,0.73846215
172,1319909,2021,-112.25,47.75,0.5385939
173,1319910,2021,-112.25,48.75,1.1625296
174,1319911,2021,-112.25,49.75,1.0062708
175,1319912,2021,-112.25,50.25,
176,1319913,2021,-112.25,51.25,1.4236772
177,1319914,2021,-112.25,51.75,1.386596
178,1319915,2021,-112.25,52.25,1.7271471
179,1319916,2021,-112.25,52.75,1.5899181
180,1319917,2021,-112.25,53.25,1.6962249
181,1319918,2021,-112.25,53.75,1.6682274
182,1319919,2021,-112.25,54.25,1.6379972
183,1319920,2021,-112.25,54.75,1.4811374
184,1319921,2021,-111.75,40.25,0.8822636
185,1319922,2021,-111.75,42.25,1.0767134
186,1319923,2021,-111.75,42.75,1.2089686
187,1319924,2021,-111.75,43.25,1.1903771
188,1319925,2021,-111.75,43.75,1.06564
189,1319926,2021,-111.75,44.25,1.1250962
190,1319927,2021,-111.75,45.75,1.0089695
191,1319928,2021,-111.75,46.25,1.0391525
192,1319929,2021,-111.75,46.75,
193,1319930,2021,-111.75,48.75,
194,1319931,2021,-111.75,49.25,
195,1319932,2021,-111.75,49.75,1.7239565
196,1319933,2021,-111.75,50.25,
197,1319934,2021,-111.75,51.25,2.1950567
198,1319935,2021,-111.75,51.75,2.2798545
199,1319936,2021,-111.75,52.25,
200,1319937,2021,-111.75,52.75,
201,1319938,2021,-111.75,53.25,
202,1319939,2021,-111.75,53.75,2.3886626
203,1319940,2021,-111.75,54.25,2.2051268
204,1319941,2021,-111.25,42.25,1.1503409
205,1319942,2021,-111.25,42.75,1.3642255
206,1319943,2021,-111.25,43.25,1.2453617
207,1319944,2021,-111.25,43.75,1.1095507
208,1319945,2021,-111.25,45.75,0.8990459
209,1319946,2021,-111.25,46.25,1.2611551
210,1319947,2021,-111.25,49.25,
211,1319948,2021,-111.25,51.75,1.3085866
212,1319949,2021,-111.25,52.25,1.2578397
213,1319950,2021,-111.25,52.75,
214,1319951,2021,-111.25,53.25,1.4935586
215,1319952,2021,-111.25,53.75,1.5245123
216,1319953,2021,-111.25,54.25,1.475052
217,1319954,2021,-110.75,45.75,0.40462628
218,1319955,2021,-110.75,46.25,
219,1319956,2021,-110.75,47.25,0.90268946
220,1319957,2021,-110.75,47.75,0.37061438
221,1319958,2021,-110.75,48.75,
222,1319959,2021,-110.75,49.25,0.4861277
223,1319960,2021,-110.75,52.25,2.1898503
224,1319961,2021,-110.75,52.75,
225,1319962,2021,-110.75,53.25,2.3186274
226,1319963,2021,-110.75,53.75,2.3198407
227,1319964,2021,-110.75,54.25,
228,1319965,2021,-110.25,46.25,0.7282298
229,1319966,2021,-110.25,46.75,0.91965944
230,1319967,2021,-110.25,47.25,1.0018404
231,1319968,2021,-110.25,47.75,
232,1319969,2021,-110.25,48.25,
233,1319970,2021,-110.25,48.75,
234,1319971,2021,-110.25,49.25,
235,1319972,2021,-110.25,50.25,
236,1319973,2021,-110.25,52.75,
237,1319974,2021,-110.25,53.25,2.2816029
238,1319975,2021,-110.25,53.75,
239,1319976,2021,-110.25,54.25,
240,1319977,2021,-109.75,45.25,0.79303277
241,1319978,2021,-109.75,46.25,0.9240498
242,1319979,2021,-109.75,46.75,0.9322042
243,1319980,2021,-109.75,47.25,1.1208701
244,1319981,2021,-109.75,47.75,1.1285357
245,1319982,2021,-109.75,48.25,
246,1319983,2021,-109.75,48.75,
247,1319984,2021,-109.75,49.25,
248,1319985,2021,-109.75,50.75,1.5180372
249,1319986,2021,-109.75,52.75,2.6363025
250,1319987,2021,-109.75,53.25,2.8936796
251,1319988,2021,-109.75,53.75,2.856789
252,1319989,2021,-109.75,54.25,
253,1319990,2021,-109.25,37.75,-0.44485837
254,1319991,2021,-109.25,38.25,0.6313163
255,1319992,2021,-109.25,45.25,
256,1319993,2021,-109.25,45.75,1.1948199
257,1319994,2021,-109.25,46.25,1.3724633
258,1319995,2021,-109.25,47.75,
259,1319996,2021,-109.25,48.25,2.1680667
260,1319997,2021,-109.25,48.75,1.5668596
261,1319998,2021,-109.25,49.75,1.3870183
262,1319999,2021,-109.25,50.25,2.0249124
263,1320000,2021,-109.25,52.75,
264,1320001,2021,-109.25,53.25,2.2842364
265,1320002,2021,-109.25,53.75,
266,1320003,2021,-109.25,54.25,
267,1320004,2021,-108.75,45.25,
268,1320005,2021,-108.75,45.75,1.5839946
269,1320006,2021,-108.75,46.25,
270,1320007,2021,-108.75,46.75,0.9818039
271,1320008,2021,-108.75,47.25,
272,1320009,2021,-108.75,47.75,
273,1320010,2021,-108.75,48.25,1.8872752
274,1320011,2021,-108.75,48.75,1.1152328
275,1320012,2021,-108.75,49.75,
276,1320013,2021,-108.75,50.25,1.1313477
277,1320014,2021,-108.75,52.75,2.0845895
278,1320015,2021,-108.75,53.25,
279,1320016,2021,-108.75,53.75,
280,1320017,2021,-108.75,54.25,2.259603
281,1320018,2021,-108.25,37.75,0.6799516
282,1320019,2021,-108.25,45.25,0.89704657
283,1320020,2021,-108.25,45.75,1.1657562
284,1320021,2021,-108.25,46.25,0.96118766
285,1320022,2021,-108.25,46.75,0.42215538
286,1320023,2021,-108.25,47.25,0.53467554
287,1320024,2021,-108.25,47.75,0.45710838
288,1320025,2021,-108.25,48.25,
289,1320026,2021,-108.25,48.75,0.87757427
290,1320027,2021,-108.25,49.25,1.0594894
291,1320028,2021,-108.25,49.75,0.8623786
292,1320029,2021,-108.25,50.25,0.45109272
293,1320030,2021,-108.25,52.75,
294,1320031,2021,-108.25,53.25,1.4273683
295,1320032,2021,-108.25,54.25,1.744663
296,1320033,2021,-107.75,40.75,0.8062877
297,1320034,2021,-107.75,45.25,
298,1320035,2021,-107.75,46.25,1.9459722
299,1320036,2021,-107.75,46.75,2.2564602
300,1320037,2021,-107.75,47.25,1.8929397
301,1320038,2021,-107.75,47.75,2.2324495
302,1320039,2021,-107.75,48.25,2.096209
303,1320040,2021,-107.75,48.75,
304,1320041,2021,-107.75,49.25,
305,1320042,2021,-107.75,49.75,2.468789
306,1320043,2021,-107.75,50.25,1.535945
307,1320044,2021,-107.75,52.25,2.1245668
308,1320045,2021,-107.75,52.75,2.373648
309,1320046,2021,-107.75,53.25,2.71717
310,1320047,2021,-107.75,53.75,2.6123471
311,1320048,2021,-107.25,45.25,
312,1320049,2021,-107.25,46.75,
313,1320050,2021,-107.25,47.25,
314,1320051,2021,-107.25,48.25,
315,1320052,2021,-107.25,48.75,
316,1320053,2021,-107.25,49.25,
317,1320054,2021,-107.25,50.25,1.1974524
318,1320055,2021,-107.25,50.75,1.4904859
319,1320056,2021,-107.25,51.75,1.8984193
320,1320057,2021,-107.25,52.25,2.1803238
321,1320058,2021,-107.25,52.75,2.386654
322,1320059,2021,-107.25,53.25,2.2583568
323,1320060,2021,-107.25,53.75,2.2981777
324,1320061,2021,-106.75,45.25,
325,1320062,2021,-106.75,45.75,1.7090796
326,1320063,2021,-106.75,47.25,
327,1320064,2021,-106.75,48.25,
328,1320065,2021,-106.75,48.75,1.7099547
329,1320066,2021,-106.75,49.25,1.1090868
330,1320067,2021,-106.75,49.75,1.7817163
331,1320068,2021,-106.75,50.25,1.9060823
332,1320069,2021,-106.75,51.75,2.1570554
333,1320070,2021,-106.75,52.25,2.3033235
334,1320071,2021,-106.75,52.75,2.3465288
335,1320072,2021,-106.75,53.25,1.9556806
336,1320073,2021,-106.75,53.75,1.9610232
337,1320074,2021,-106.25,37.75,0.17156537
338,1320075,2021,-106.25,45.75,0.9582089
339,1320076,2021,-106.25,46.25,
340,1320077,2021,-106.25,46.75,1.4212996
341,1320078,2021,-106.25,47.25,
342,1320079,2021,-106.25,48.75,
343,1320080,2021,-106.25,49.25,
344,1320081,2021,-106.25,49.75,1.9346963
345,1320082,2021,-106.25,50.25,
346,1320083,2021,-106.25,50.75,1.9538504
347,1320084,2021,-106.25,51.25,1.9710528
348,1320085,2021,-106.25,51.75,1.9494227
349,1320086,2021,-106.25,52.25,1.9155208
350,1320087,2021,-106.25,52.75,1.9863805
351,1320088,2021,-106.25,53.25,1.9962257
352,1320089,2021,-106.25,53.75,1.9701475
353,1320090,2021,-105.75,45.25,1.0051956
354,1320091,2021,-105.75,46.75,
355,1320092,2021,-105.75,47.25,1.4797716
356,1320093,2021,-105.75,47.75,
357,1320094,2021,-105.75,48.25,
358,1320095,2021,-105.75,48.75,
359,1320096,2021,-105.75,49.75,1.9989707
360,1320097,2021,-105.75,50.25,2.3904576
361,1320098,2021,-105.75,50.75,
362,1320099,2021,-105.75,51.25,2.023654
363,1320100,2021,-105.75,51.75,
364,1320101,2021,-105.75,52.25,2.5267448
365,1320102,2021,-105.75,52.75,2.765786
366,1320103,2021,-105.75,53.25,2.859426
367,1320104,2021,-105.75,53.75,2.8529124
368,1320105,2021,-105.25,41.25,-0.22530162
369,1320106,2021,-105.25,47.25,2.0157993
370,1320107,2021,-105.25,47.75,2.197917
371,1320108,2021,-105.25,49.25,1.9706122
372,1320109,2021,-105.25,49.75,2.4574437
373,1320110,2021,-105.25,50.75,
374,1320111,2021,-105.25,51.25,
375,1320112,2021,-105.25,51.75,2.5948515
376,1320113,2021,-105.25,52.25,
377,1320114,2021,-105.25,52.75,2.5339398
378,1320115,2021,-105.25,53.25,2.5470338
379,1320116,2021,-105.25,53.75,2.4870706
380,1320117,2021,-104.75,41.25,0.46928212
381,1320118,2021,-104.75,41.75,0.059130352
382,1320119,2021,-104.75,45.25,
383,1320120,2021,-104.75,45.75,0.40774578
384,1320121,2021,-104.75,46.25,0.45713592
385,1320122,2021,-104.75,46.75,0.687816
386,1320123,2021,-104.75,47.25,0.84346503
387,1320124,2021,-104.75,47.75,1.6793587
388,1320125,2021,-104.75,48.25,1.5593945
389,1320126,2021,-104.75,48.75,
390,1320127,2021,-104.75,49.25,
391,1320128,2021,-104.75,49.75,1.0899007
392,1320129,2021,-104.75,51.25,
393,1320130,2021,-104.75,51.75,
394,1320131,2021,-104.75,52.25,2.646314
395,1320132,2021,-104.75,52.75,2.7513332
396,1320133,2021,-104.75,53.25,2.8352482
397,1320134,2021,-104.75,53.75,2.7177572
398,1320135,2021,-104.25,40.25,
399,1320136,2021,-104.25,41.25,
400,1320137,2021,-104.25,41.75,0.6896519
401,1320138,2021,-104.25,45.75,1.1818081
402,1320139,2021,-104.25,46.25,2.1068707
403,1320140,2021,-104.25,46.75,1.7622265
404,1320141,2021,-104.25,47.25,1.7129766
405,1320142,2021,-104.25,47.75,2.0289314
406,1320143,2021,-104.25,48.25,1.5261384
407,1320144,2021,-104.25,50.75,
408,1320145,2021,-104.25,51.25,
409,1320146,2021,-104.25,51.75,2.768722
410,1320147,2021,-104.25,52.25,2.902565
411,1320148,2021,-104.25,52.75,3.050805
412,1320149,2021,-104.25,53.25,3.2822003
413,1320150,2021,-104.25,53.75,3.4235668
414,1320151,2021,-103.75,34.25,0.68698853
415,1320152,2021,-103.75,35.25,
416,1320153,2021,-103.75,40.25,0.80368143
417,1320154,2021,-103.75,40.75,
418,1320155,2021,-103.75,41.25,
419,1320156,2021,-103.75,41.75,0.5289955
420,1320157,2021,-103.75,44.75,0.71708196
421,1320158,2021,-103.75,45.75,
422,1320159,2021,-103.75,46.25,0.78571385
423,1320160,2021,-103.75,46.75,1.4470073
424,1320161,2021,-103.75,47.25,1.6127629
425,1320162,2021,-103.75,47.75,
426,1320163,2021,-103.75,48.25,2.1154008
427,1320164,2021,-103.75,48.75,
428,1320165,2021,-103.75,49.25,
429,1320166,2021,-103.75,49.75,
430,1320167,2021,-103.75,50.25,
431,1320168,2021,-103.75,50.75,
432,1320169,2021,-103.75,51.25,2.8233929
433,1320170,2021,-103.75,51.75,2.5098948
434,1320171,2021,-103.75,52.25,2.6913002
435,1320172,2021,-103.75,52.75,2.6797442
436,1320173,2021,-103.75,53.25,2.5715866
437,1320174,2021,-103.75,53.75,2.4738898
438,1320175,2021,-103.25,33.75,1.0890874
439,1320176,2021,-103.25,34.25,0.5755122
440,1320177,2021,-103.25,35.25,
441,1320178,2021,-103.25,38.25,
442,1320179,2021,-103.25,39.25,0.5765135
443,1320180,2021,-103.25,40.25,0.65915525
444,1320181,2021,-103.25,40.75,
445,1320182,2021,-103.25,41.25,
446,1320183,2021,-103.25,41.75,0.5742198
447,1320184,2021,-103.25,42.25,0.51226926
448,1320185,2021,-103.25,42.75,1.0272653
449,1320186,2021,-103.25,43.25,0.76311475
450,1320187,2021,-103.25,44.25,0.9682431
451,1320188,2021,-103.25,44.75,1.4179771
452,1320189,2021,-103.25,46.25,
453,1320190,2021,-103.25,46.75,1.079077
454,1320191,2021,-103.25,47.25,0.83074087
455,1320192,2021,-103.25,47.75,1.2474041
456,1320193,2021,-103.25,48.25,1.5006434
457,1320194,2021,-103.25,48.75,1.356566
458,1320195,2021,-103.25,49.25,1.3400741
459,1320196,2021,-103.25,49.75,
460,1320197,2021,-103.25,50.25,
461,1320198,2021,-103.25,50.75,
462,1320199,2021,-103.25,51.25,1.4219946
463,1320200,2021,-103.25,51.75,1.4620683
464,1320201,2021,-103.25,52.25,1.4647124
465,1320202,2021,-103.25,52.75,3.4288466
466,1320203,2021,-103.25,53.25,2.4564002
467,1320204,2021,-103.25,53.75,3.4385684
468,1320205,2021,-102.75,33.75,0.36709368
469,1320206,2021,-102.75,34.25,0.40621522
470,1320207,2021,-102.75,35.75,0.632133
471,1320208,2021,-102.75,37.25,
472,1320209,2021,-102.75,37.75,0.8317946
473,1320210,2021,-102.75,38.25,
474,1320211,2021,-102.75,39.75,0.93874687
475,1320212,2021,-102.75,40.25,0.6469496
476,1320213,2021,-102.75,40.75,0.84115654
477,1320214,2021,-102.75,41.25,1.9947847
478,1320215,2021,-102.75,41.75,1.8209697
479,1320216,2021,-102.75,42.25,2.712723
480,1320217,2021,-102.75,42.75,2.3515933
481,1320218,2021,-102.75,43.25,1.440783
482,1320219,2021,-102.75,44.75,1.8308665
483,1320220,2021,-102.75,45.25,1.6068617
484,1320221,2021,-102.75,45.75,2.0719097
485,1320222,2021,-102.75,46.75,1.9201759
486,1320223,2021,-102.75,47.25,2.5746953
487,1320224,2021,-102.75,47.75,1.6166562
488,1320225,2021,-102.75,48.25,2.0938773
489,1320226,2021,-102.75,48.75,1.6782237
490,1320227,2021,-102.75,49.25,1.605343
491,1320228,2021,-102.75,49.75,
492,1320229,2021,-102.75,50.25,
493,1320230,2021,-102.75,50.75,
494,1320231,2021,-102.75,51.25,1.0655059
495,1320232,2021,-102.75,51.75,3.719054
496,1320233,2021,-102.75,52.25,3.6529722
497,1320234,2021,-102.75,52.75,3.3882897
498,1320235,2021,-102.25,32.75,0.50979817
499,1320236,2021,-102.25,33.75,
500,1320237,2021,-102.25,34.25,0.54851913
501,1320238,2021,-102.25,34.75,0.7421688
502,1320239,2021,-102.25,35.25,-0.043437764
503,1320240,2021,-102.25,35.75,1.0218521
504,1320241,2021,-102.25,38.25,
505,1320242,2021,-102.25,39.75,0.8464228
506,1320243,2021,-102.25,40.25,1.0502896
507,1320244,2021,-102.25,40.75,
508,1320245,2021,-102.25,41.25,0.9221729
509,1320246,2021,-102.25,41.75,0.5686253
510,1320247,2021,-102.25,42.25,1.3331554
511,1320248,2021,-102.25,42.75,1.089057
512,1320249,2021,-102.25,43.25,0.80806285
513,1320250,2021,-102.25,43.75,0.94358873
514,1320251,2021,-102.25,44.25,-0.15590377
515,1320252,2021,-102.25,44.75,0.91915655
516,1320253,2021,-102.25,45.25,
517,1320254,2021,-102.25,45.75,
518,1320255,2021,-102.25,46.25,1.557632
519,1320256,2021,-102.25,46.75,1.1801322
520,1320257,2021,-102.25,47.25,1.3137616
521,1320258,2021,-102.25,47.75,1.6892252
522,1320259,2021,-102.25,48.25,1.8028964
523,1320260,2021,-102.25,48.75,1.969064
524,1320261,2021,-102.25,49.25,1.7184503
525,1320262,2021,-102.25,49.75,2.1039574
526,1320263,2021,-102.25,50.25,2.2754433
527,1320264,2021,-102.25,50.75,2.2079384
528,1320265,2021,-102.25,51.25,2.206
529,1320266,2021,-102.25,51.75,3.3423524
530,1320267,2021,-102.25,52.25,3.3136
531,1320268,2021,-102.25,52.75,3.2381735
532,1320269,2021,-102.25,53.75,3.12365
533,1320270,2021,-101.75,33.75,1.4519452
534,1320271,2021,-101.75,35.25,1.3091841
535,1320272,2021,-101.75,35.75,
536,1320273,2021,-101.75,38.75,0.6644859
537,1320274,2021,-101.75,39.25,1.2993858
538,1320275,2021,-101.75,39.75,1.3686457
539,1320276,2021,-101.75,40.25,1.5978568
540,1320277,2021,-101.75,41.25,0.9997865
541,1320278,2021,-101.75,43.25,1.1188902
542,1320279,2021,-101.75,43.75,1.002417
543,1320280,2021,-101.75,44.25,0.6654108
544,1320281,2021,-101.75,44.75,1.0252908
545,1320282,2021,-101.75,45.25,0.61782247
546,1320283,2021,-101.75,45.75,1.4525687
547,1320284,2021,-101.75,46.25,1.898399
548,1320285,2021,-101.75,46.75,1.5900826
549,1320286,2021,-101.75,47.25,1.2938803
550,1320287,2021,-101.75,47.75,1.6542102
551,1320288,2021,-101.75,48.25,2.0709226
552,1320289,2021,-101.75,48.75,1.9989547
553,1320290,2021,-101.75,49.25,2.268321
554,1320291,2021,-101.75,49.75,1.9931706
555,1320292,2021,-101.75,50.25,1.493914
556,1320293,2021,-101.75,50.75,
557,1320294,2021,-101.75,51.25,2.377609
558,1320295,2021,-101.75,51.75,3.8694565
559,1320296,2021,-101.75,52.25,3.8186169
560,1320297,2021,-101.75,53.75,3.8285534
561,1320298,2021,-101.25,31.75,0.9603447
562,1320299,2021,-101.25,33.75,0.7401012
563,1320300,2021,-101.25,35.25,
564,1320301,2021,-101.25,35.75,0.3614945
565,1320302,2021,-101.25,36.25,0.8284168
566,1320303,2021,-101.25,37.75,0.15180193
567,1320304,2021,-101.25,38.75,-0.124350354
568,1320305,2021,-101.25,39.75,0.7096296
569,1320306,2021,-101.25,40.25,0.784323
570,1320307,2021,-101.25,40.75,2.1789963
571,1320308,2021,-101.25,41.25,2.0649483
572,1320309,2021,-101.25,43.25,2.4008737
573,1320310,2021,-101.25,43.75,
574,1320311,2021,-101.25,44.25,1.7668953
575,1320312,2021,-101.25,44.75,1.7876709
576,1320313,2021,-101.25,45.25,1.407094
577,1320314,2021,-101.25,46.25,1.528814
578,1320315,2021,-101.25,46.75,1.8289601
579,1320316,2021,-101.25,47.25,2.1626043
580,1320317,2021,-101.25,47.75,2.2714562
581,1320318,2021,-101.25,48.25,2.1462133
582,1320319,2021,-101.25,48.75,2.8073893
583,1320320,2021,-101.25,49.25,2.4695952
584,1320321,2021,-101.25,50.25,0.9012617
585,1320322,2021,-101.25,51.25,3.867086
586,1320323,2021,-101.25,51.75,3.8113818
587,1320324,2021,-101.25,52.25,4.0871325
588,1320325,2021,-101.25,53.75,3.8092496
589,1320326,2021,-100.75,32.75,1.301803
590,1320327,2021,-100.75,33.75,1.5398465
591,1320328,2021,-100.75,35.25,1.1007951
592,1320329,2021,-100.75,35.75,
593,1320330,2021,-100.75,36.75,1.4091023
594,1320331,2021,-100.75,40.25,1.3960292
595,1320332,2021,-100.75,40.75,0.8692227
596,1320333,2021,-100.75,43.25,1.5412654
597,1320334,2021,-100.75,43.75,1.4843941
598,1320335,2021,-100.75,44.25,1.6296518
599,1320336,2021,-100.75,44.75,1.8152608
600,1320337,2021,-100.75,45.25,1.6320682
601,1320338,2021,-100.75,45.75,1.7911469
602,1320339,2021,-100.75,46.25,2.0381024
603,1320340,2021,-100.75,46.75,2.022744
604,1320341,2021,-100.75,47.25,1.9377878
605,1320342,2021,-100.75,47.75,2.171719
606,1320343,2021,-100.75,48.25,2.1059601
607,1320344,2021,-100.75,48.75,2.5118444
608,1320345,2021,-100.75,49.25,2.4164922
609,1320346,2021,-100.75,49.75,2.6093671
610,1320347,2021,-100.75,50.25,2.649999
611,1320348,2021,-100.75,51.25,3.2054083
612,1320349,2021,-100.75,51.75,3.267296
613,1320350,2021,-100.75,52.25,3.350217
614,1320351,2021,-100.25,31.75,0.49379796
615,1320352,2021,-100.25,32.25,0.98853755
616,1320353,2021,-100.25,32.75,
617,1320354,2021,-100.25,33.25,0.5821281
618,1320355,2021,-100.25,34.25,1.2237865
619,1320356,2021,-100.25,34.75,0.28837353
620,1320357,2021,-100.25,35.25,0.48509365
621,1320358,2021,-100.25,35.75,0.8710276
622,1320359,2021,-100.25,36.25,0.67733026
623,1320360,2021,-100.25,38.25,
624,1320361,2021,-100.25,39.25,0.4959662
625,1320362,2021,-100.25,39.75,0.49488807
626,1320363,2021,-100.25,40.25,0.4545302
627,1320364,2021,-100.25,40.75,0.5999992
628,1320365,2021,-100.25,43.25,1.9868511
629,1320366,2021,-100.25,44.25,1.9659647
630,1320367,2021,-100.25,44.75,2.7126236
631,1320368,2021,-100.25,45.25,2.7445254
632,1320369,2021,-100.25,45.75,2.76687
633,1320370,2021,-100.25,46.25,
634,1320371,2021,-100.25,46.75,2.578692
635,1320372,2021,-100.25,47.25,2.1520903
636,1320373,2021,-100.25,47.75,2.3154793
637,1320374,2021,-100.25,48.25,2.6361365
638,1320375,2021,-100.25,48.75,2.1772184
639,1320376,2021,-100.25,49.25,2.5633225
640,1320377,2021,-100.25,49.75,2.6040323
641,1320378,2021,-100.25,50.25,
642,1320379,2021,-100.25,50.75,2.4408102
643,1320380,2021,-100.25,51.25,2.3270872
644,1320381,2021,-100.25,51.75,2.9088414
645,1320382,2021,-99.75,31.25,0.535885
646,1320383,2021,-99.75,31.75,
647,1320384,2021,-99.75,32.25,0.59328353
648,1320385,2021,-99.75,32.75,0.5753499
649,1320386,2021,-99.75,33.25,0.88581175
650,1320387,2021,-99.75,33.75,1.0118581
651,1320388,2021,-99.75,34.25,1.0837871
652,1320389,2021,-99.75,34.75,0.5995396
653,1320390,2021,-99.75,35.25,1.2074984
654,1320391,2021,-99.75,35.75,1.1799729
655,1320392,2021,-99.75,36.25,0.73429656
656,1320393,2021,-99.75,38.25,0.4203023
657,1320394,2021,-99.75,39.25,2.9187882
658,1320395,2021,-99.75,39.75,2.9366314
659,1320396,2021,-99.75,40.25,2.189327
660,1320397,2021,-99.75,40.75,2.1581733
661,1320398,2021,-99.75,43.25,2.9214025
662,1320399,2021,-99.75,43.75,1.407873
663,1320400,2021,-99.75,44.25,2.1112416
664,1320401,2021,-99.75,44.75,1.5388533
665,1320402,2021,-99.75,45.25,1.901488
666,1320403,2021,-99.75,45.75,
667,1320404,2021,-99.75,46.25,1.8583935
668,1320405,2021,-99.75,46.75,2.2496266
669,1320406,2021,-99.75,47.25,2.2390964
670,1320407,2021,-99.75,47.75,1.6709927
671,1320408,2021,-99.75,48.25,2.8920715
672,1320409,2021,-99.75,48.75,2.15837
673,1320410,2021,-99.75,49.25,1.5275891
674,1320411,2021,-99.75,49.75,
675,1320412,2021,-99.75,50.25,3.4366996
676,1320413,2021,-99.75,51.25,
677,1320414,2021,-99.25,29.25,0.30750892
678,1320415,2021,-99.25,30.75,-0.06657927
679,1320416,2021,-99.25,31.25,0.5295474
680,1320417,2021,-99.25,32.25,0.31254598
681,1320418,2021,-99.25,32.75,0.22592813
682,1320419,2021,-99.25,33.25,-0.029643938
683,1320420,2021,-99.25,33.75,0.42856345
684,1320421,2021,-99.25,34.25,0.51294255
685,1320422,2021,-99.25,34.75,-0.035962373
686,1320423,2021,-99.25,35.25,0.059719354
687,1320424,2021,-99.25,35.75,0.29382983
688,1320425,2021,-99.25,36.25,0.529363
689,1320426,2021,-99.25,36.75,0.6574695
690,1320427,2021,-99.25,37.25,0.6082224
691,1320428,2021,-99.25,37.75,
692,1320429,2021,-99.25,38.25,1.8617853
693,1320430,2021,-99.25,38.75,2.0279999
694,1320431,2021,-99.25,39.25,2.3904715
695,1320432,2021,-99.25,39.75,2.14193
696,1320433,2021,-99.25,40.25,2.3677418
697,1320434,2021,-99.25,40.75,2.3674035
698,1320435,2021,-99.25,43.25,
699,1320436,2021,-99.25,43.75,
700,1320437,2021,-99.25,44.75,
701,1320438,2021,-99.25,45.25,2.2934995
702,1320439,2021,-99.25,45.75,2.4501455
703,1320440,2021,-99.25,46.25,2.4585638
704,1320441,2021,-99.25,46.75,1.8823733
705,1320442,2021,-99.25,47.25,1.7898495
706,1320443,2021,-99.25,47.75,1.6667621
707,1320444,2021,-99.25,48.25,1.5789765
708,1320445,2021,-99.25,48.75,1.6229372
709,1320446,2021,-99.25,49.25,1.3807387
710,1320447,2021,-99.25,49.75,3.1371446
711,1320448,2021,-99.25,50.25,
712,1320449,2021,-99.25,50.75,
713,1320450,2021,-99.25,51.25,
714,1320451,2021,-98.75,29.25,0.70747745
715,1320452,2021,-98.75,31.25,0.49810123
716,1320453,2021,-98.75,31.75,0.6325941
717,1320454,2021,-98.75,32.75,0.41618362
718,1320455,2021,-98.75,33.25,0.5421922
719,1320456,2021,-98.75,33.75,0.47630727
720,1320457,2021,-98.75,34.25,0.66599643
721,1320458,2021,-98.75,34.75,0.6446386
722,1320459,2021,-98.75,35.25,0.7029597
723,1320460,2021,-98.75,35.75,0.72715473
724,1320461,2021,-98.75,36.25,0.4194768
725,1320462,2021,-98.75,36.75,0.7316416
726,1320463,2021,-98.75,37.25,0.57810485
727,1320464,2021,-98.75,37.75,0.9224421
728,1320465,2021,-98.75,38.25,1.0058998
729,1320466,2021,-98.75,38.75,2.7886755
730,1320467,2021,-98.75,39.25,2.6923707
731,1320468,2021,-98.75,39.75,2.5938613
732,1320469,2021,-98.75,40.25,1.7245147
733,1320470,2021,-98.75,40.75,1.5873964
734,1320471,2021,-98.75,43.25,2.4936297
735,1320472,2021,-98.75,43.75,1.5231647
736,1320473,2021,-98.75,44.25,1.6854514
737,1320474,2021,-98.75,44.75,2.4870746
738,1320475,2021,-98.75,45.25,2.741504
739,1320476,2021,-98.75,45.75,2.5112276
740,1320477,2021,-98.75,46.25,2.545431
741,1320478,2021,-98.75,46.75,2.5057404
742,1320479,2021,-98.75,47.25,1.8403085
743,1320480,2021,-98.75,47.75,1.2158477
744,1320481,2021,-98.75,48.25,1.491192
745,1320482,2021,-98.75,48.75,1.6665281
746,1320483,2021,-98.75,49.25,
747,1320484,2021,-98.75,49.75,
748,1320485,2021,-98.75,50.25,
749,1320486,2021,-98.75,50.75,2.3359869
750,1320487,2021,-98.75,51.25,
751,1320488,2021,-98.25,29.25,1.2228798
752,1320489,2021,-98.25,31.25,0.91178447
753,1320490,2021,-98.25,31.75,1.1301283
754,1320491,2021,-98.25,33.25,0.9479611
755,1320492,2021,-98.25,33.75,0.87474704
756,1320493,2021,-98.25,34.25,0.89692855
757,1320494,2021,-98.25,34.75,1.0676582
758,1320495,2021,-98.25,35.25,0.64527327
759,1320496,2021,-98.25,35.75,0.97775525
760,1320497,2021,-98.25,36.25,0.9319519
761,1320498,2021,-98.25,36.75,1.3167598
762,1320499,2021,-98.25,37.25,1.2530463
763,1320500,2021,-98.25,37.75,1.1060379
764,1320501,2021,-98.25,38.25,1.3087035
765,1320502,2021,-98.25,38.75,4.5539675
766,1320503,2021,-98.25,39.25,4.3433633
767,1320504,2021,-98.25,39.75,4.3367147
768,1320505,2021,-98.25,40.25,3.5157979
769,1320506,2021,-98.25,40.75,4.350445
770,1320507,2021,-98.25,42.75,3.0819318
771,1320508,2021,-98.25,43.25,3.0595505
772,1320509,2021,-98.25,43.75,3.1652412
773,1320510,2021,-98.25,44.25,1.7636083
774,1320511,2021,-98.25,44.75,2.8816485
775,1320512,2021,-98.25,45.25,2.879111
776,1320513,2021,-98.25,45.75,3.2511556
777,1320514,2021,-98.25,46.25,3.12346
778,1320515,2021,-98.25,46.75,2.251615
779,1320516,2021,-98.25,47.25,2.5954669
780,1320517,2021,-98.25,47.75,2.721359
781,1320518,2021,-98.25,48.25,2.076315
782,1320519,2021,-98.25,48.75,2.064506
783,1320520,2021,-98.25,49.25,
784,1320521,2021,-98.25,49.75,
785,1320522,2021,-98.25,50.25,
786,1320523,2021,-98.25,50.75,2.7590544
787,1320524,2021,-98.25,51.25,
788,1320525,2021,-97.75,29.75,0.6928667
789,1320526,2021,-97.75,30.75,0.4886652
790,1320527,2021,-97.75,31.25,0.42185417
791,1320528,2021,-97.75,31.75,0.74167246
792,1320529,2021,-97.75,33.25,0.76354736
793,1320530,2021,-97.75,33.75,0.10196413
794,1320531,2021,-97.75,34.25,0.49135908
795,1320532,2021,-97.75,34.75,0.63859516
796,1320533,2021,-97.75,35.25,-0.11839314
797,1320534,2021,-97.75,35.75,0.7488684
798,1320535,2021,-97.75,36.25,0.8819832
799,1320536,2021,-97.75,36.75,0.8786409
800,1320537,2021,-97.75,37.25,1.3460164
801,1320538,2021,-97.75,37.75,
802,1320539,2021,-97.75,38.25,2.9913266
803,1320540,2021,-97.75,38.75,3.0643222
804,1320541,2021,-97.75,39.25,2.8030317
805,1320542,2021,-97.75,39.75,2.650079
806,1320543,2021,-97.75,40.25,2.627211
807,1320544,2021,-97.75,43.25,2.5879414
808,1320545,2021,-97.75,43.75,2.5178955
809,1320546,2021,-97.75,44.25,2.3403585
810,1320547,2021,-97.75,44.75,2.340386
811,1320548,2021,-97.75,45.25,2.222478
812,1320549,2021,-97.75,45.75,2.274839
813,1320550,2021,-97.75,46.25,2.3041923
814,1320551,2021,-97.75,46.75,
815,1320552,2021,-97.75,47.25,1.908538
816,1320553,2021,-97.75,47.75,2.201198
817,1320554,2021,-97.75,48.25,1.9310484
818,1320555,2021,-97.75,48.75,
819,1320556,2021,-97.75,49.25,
820,1320557,2021,-97.75,49.75,
821,1320558,2021,-97.75,50.25,1.7064921
822,1320559,2021,-97.75,50.75,
823,1320560,2021,-97.75,51.25,
824,1320561,2021,-97.25,30.75,3.3437731
825,1320562,2021,-97.25,31.25,3.2965508
826,1320563,2021,-97.25,31.75,3.3020601
827,1320564,2021,-97.25,32.25,3.4363797
828,1320565,2021,-97.25,32.75,2.4659107
829,1320566,2021,-97.25,33.25,2.8412106
830,1320567,2021,-97.25,33.75,2.706262
831,1320568,2021,-97.25,34.75,2.2706246
832,1320569,2021,-97.25,35.25,2.8347726
833,1320570,2021,-97.25,35.75,2.4977226
834,1320571,2021,-97.25,36.25,2.0058112
835,1320572,2021,-97.25,36.75,2.2948608
836,1320573,2021,-97.25,37.25,2.3280053
837,1320574,2021,-97.25,37.75,1.9073943
838,1320575,2021,-97.25,38.25,1.5014557
839,1320576,2021,-97.25,38.75,1.1219062
840,1320577,2021,-97.25,39.25,2.592938
841,1320578,2021,-97.25,39.75,1.931103
842,1320579,2021,-97.25,40.25,1.892094
843,1320580,2021,-97.25,40.75,1.9995289
844,1320581,2021,-97.25,44.25,2.497601
845,1320582,2021,-97.25,44.75,2.645526
846,1320583,2021,-97.25,45.25,2.531378
847,1320584,2021,-97.25,45.75,2.5488946
848,1320585,2021,-97.25,46.25,2.2828195
849,1320586,2021,-97.25,46.75,
850,1320587,2021,-97.25,47.25,
851,1320588,2021,-97.25,47.75,1.8128237
852,1320589,2021,-97.25,48.25,1.7537181
853,1320590,2021,-97.25,48.75,1.8887633
854,1320591,2021,-97.25,49.25,
855,1320592,2021,-97.25,49.75,
856,1320593,2021,-97.25,50.25,
857,1320594,2021,-97.25,50.75,
858,1320595,2021,-97.25,51.25,1.1328164
859,1320596,2021,-96.75,31.25,2.1625562
860,1320597,2021,-96.75,31.75,2.334947
861,1320598,2021,-96.75,32.25,
862,1320599,2021,-96.75,32.75,1.8099451
863,1320600,2021,-96.75,33.25,2.1389446
864,1320601,2021,-96.75,35.25,2.3715875
865,1320602,2021,-96.75,36.25,2.699225
866,1320603,2021,-96.75,36.75,2.2583284
867,1320604,2021,-96.75,37.25,3.0164714
868,1320605,2021,-96.75,37.75,3.202454
869,1320606,2021,-96.75,38.25,3.3042092
870,1320607,2021,-96.75,38.75,3.133675
871,1320608,2021,-96.75,39.25,3.198411
872,1320609,2021,-96.75,39.75,2.9173784
873,1320610,2021,-96.75,40.25,3.145581
874,1320611,2021,-96.75,40.75,2.5339994
875,1320612,2021,-96.75,44.25,0.5237899
876,1320613,2021,-96.75,44.75,0.23623233
877,1320614,2021,-96.75,45.25,0.50678545
878,1320615,2021,-96.75,45.75,1.629021
879,1320616,2021,-96.75,46.25,2.2131207
880,1320617,2021,-96.75,46.75,
881,1320618,2021,-96.75,47.25,
882,1320619,2021,-96.75,47.75,3.4824636
883,1320620,2021,-96.75,48.25,3.304626
884,1320621,2021,-96.75,48.75,3.921137
885,1320622,2021,-96.75,49.25,
886,1320623,2021,-96.75,49.75,
887,1320624,2021,-96.75,50.25,
888,1320625,2021,-96.25,32.25,2.142563
889,1320626,2021,-96.25,32.75,1.6066008
890,1320627,2021,-96.25,33.25,0.226992
891,1320628,2021,-96.25,33.75,1.5337304
892,1320629,2021,-96.25,36.75,1.6255581
893,1320630,2021,-96.25,37.25,0.9040275
894,1320631,2021,-96.25,37.75,0.8423852
895,1320632,2021,-96.25,38.25,1.4561406
896,1320633,2021,-96.25,38.75,1.5972841
897,1320634,2021,-96.25,39.25,1.7851176
898,1320635,2021,-96.25,39.75,1.1149944
899,1320636,2021,-96.25,40.25,2.3041499
900,1320637,2021,-96.25,40.75,2.4352791
901,1320638,2021,-96.25,44.25,2.9367652
902,1320639,2021,-96.25,44.75,2.7478223
903,1320640,2021,-96.25,45.25,2.7579434
904,1320641,2021,-96.25,45.75,2.8911242
905,1320642,2021,-96.25,46.25,
906,1320643,2021,-96.25,46.75,
907,1320644,2021,-96.25,47.25,3.455753
908,1320645,2021,-96.25,47.75,3.2786584
909,1320646,2021,-96.25,48.25,3.2017045
910,1320647,2021,-96.25,48.75,
911,1320648,2021,-96.25,49.25,3.6898854
912,1320649,2021,-96.25,49.75,3.9001255
913,1320650,2021,-96.25,50.25,
914,1320651,2021,-95.75,33.25,1.0001329
915,1320652,2021,-95.75,33.75,0.112902775
916,1320653,2021,-95.75,35.75,0.68575656
917,1320654,2021,-95.75,36.25,0.9981662
918,1320655,2021,-95.75,36.75,1.4980322
919,1320656,2021,-95.75,37.25,2.52434
920,1320657,2021,-95.75,37.75,2.6150851
921,1320658,2021,-95.75,38.25,2.7604642
922,1320659,2021,-95.75,38.75,2.9368901
923,1320660,2021,-95.75,39.25,2.8181262
924,1320661,2021,-95.75,39.75,3.5227718
925,1320662,2021,-95.75,40.25,2.7349334
926,1320663,2021,-95.75,44.75,2.6308346
927,1320664,2021,-95.75,45.25,2.43721
928,1320665,2021,-95.75,45.75,2.4370265
929,1320666,2021,-95.75,46.25,2.4823587
930,1320667,2021,-95.75,46.75,2.435341
931,1320668,2021,-95.75,47.25,2.2831001
932,1320669,2021,-95.75,47.75,2.1481042
933,1320670,2021,-95.75,48.25,1.9235576
934,1320671,2021,-95.75,48.75,
935,1320672,2021,-95.25,33.75,2.0315135
936,1320673,2021,-95.25,35.75,1.6498487
937,1320674,2021,-95.25,36.25,2.0500567
938,1320675,2021,-95.25,36.75,1.913876
939,1320676,2021,-95.25,37.25,2.1894648
940,1320677,2021,-95.25,37.75,2.5330913
941,1320678,2021,-95.25,38.25,2.4505496
942,1320679,2021,-95.25,38.75,2.7417252
943,1320680,2021,-95.25,39.25,2.6294792
944,1320681,2021,-95.25,39.75,2.4376464
945,1320682,2021,-95.25,44.75,1.9856008
946,1320683,2021,-95.25,45.25,1.6738902
947,1320684,2021,-95.25,45.75,1.207033
948,1320685,2021,-95.25,46.25,
949,1320686,2021,-95.25,46.75,
950,1320687,2021,-95.25,47.25,1.4577969
951,1320688,2021,-95.25,48.75,
952,1320689,2021,-94.75,36.75,2.0502012
953,1320690,2021,-94.75,37.25,1.7401997
954,1320691,2021,-94.75,37.75,2.208255
955,1320692,2021,-94.75,38.25,2.7899911
956,1320693,2021,-94.75,38.75,3.1383727
957,1320694,2021,-94.75,39.25,3.2034109
958,1320695,2021,-94.75,39.75,3.010109
959,1320696,2021,-94.75,44.75,1.947793
960,1320697,2021,-94.75,45.25,2.0314019
961,1320698,2021,-94.75,48.75,
962,1320699,2021,-94.25,33.75,2.4294677
963,1320700,2021,-94.25,35.75,2.5952032
964,1320701,2021,-94.25,36.75,2.8407805
965,1320702,2021,-94.25,37.25,2.930627
966,1320703,2021,-94.25,37.75,2.7854588
967,1320704,2021,-94.25,38.25,2.7037694
968,1320705,2021,-94.25,38.75,3.7797682
969,1320706,2021,-94.25,39.25,3.5394976
970,1320707,2021,-94.25,39.75,2.873503
971,1320708,2021,-94.25,40.25,2.3733706
972,1320709,2021,-94.25,44.75,1.2064652
973,1320710,2021,-93.75,33.25,3.0261445
974,1320711,2021,-93.75,33.75,3.4186163
975,1320712,2021,-93.75,35.25,3.5218596
976,1320713,2021,-93.75,37.25,2.1518507
977,1320714,2021,-93.75,37.75,3.0820065
978,1320715,2021,-93.75,38.25,2.8131895
979,1320716,2021,-93.75,38.75,2.8448899
980,1320717,2021,-93.75,39.25,2.343584
981,1320718,2021,-93.75,39.75,3.1009076
982,1320719,2021,-93.75,40.25,3.1047854
983,1320720,2021,-93.25,35.25,3.5737014
984,1320721,2021,-93.25,38.25,2.4678082
985,1320722,2021,-93.25,38.75,2.697544
986,1320723,2021,-93.25,39.25,2.5851953
987,1320724,2021,-93.25,39.75,2.7613316
988,1320725,2021,-93.25,40.25,3.769765
989,1320726,2021,-92.75,35.25,3.6558325
990,1320727,2021,-92.75,38.75,2.88699
991,1320728,2021,-92.75,39.25,2.613149
992,1320729,2021,-92.75,39.75,2.8169904
993,1320730,2021,-92.25,30.75,2.7655861
994,1320731,2021,-92.25,34.25,2.3087227
995,1320732,2021,-92.25,34.75,3.1449933
996,1320733,2021,-92.25,35.25,2.6453497
997,1320734,2021,-92.25,38.75,2.9361258
998,1320735,2021,-92.25,39.25,2.6989696
999,1320736,2021,-92.25,39.75,3.3296964
1000,1320737,2021,-92.25,40.25,2.3527012
1001,1320738,2021,-91.75,30.75,2.732046
1002,1320739,2021,-91.75,31.75,3.4450047
1003,1320740,2021,-91.75,32.25,2.5604565
1004,1320741,2021,-91.75,32.75,2.4647427
1005,1320742,2021,-91.75,33.25,
1006,1320743,2021,-91.75,33.75,3.7395859
1007,1320744,2021,-91.75,34.25,3.7968545
1008,1320745,2021,-91.75,34.75,3.7116191
1009,1320746,2021,-91.75,35.25,3.234157
1010,1320747,2021,-91.75,35.75,3.5201888
1011,1320748,2021,-91.75,38.75,3.6376204
1012,1320749,2021,-91.75,39.25,3.0801222
1013,1320750,2021,-91.75,39.75,3.4190092
1014,1320751,2021,-91.75,40.25,3.100222
1015,1320752,2021,-91.25,32.25,2.9308367
1016,1320753,2021,-91.25,32.75,2.5946283
1017,1320754,2021,-91.25,33.25,3.3538425
1018,1320755,2021,-91.25,33.75,3.676937
1019,1320756,2021,-91.25,34.25,3.2834363
1020,1320757,2021,-91.25,35.25,2.509794
1021,1320758,2021,-91.25,35.75,2.740654
1022,1320759,2021,-91.25,36.25,2.687183
1023,1320760,2021,-91.25,38.25,3.1971955
1024,1320761,2021,-91.25,38.75,2.4658866
1025,1320762,2021,-91.25,39.25,2.548059
1026,1320763,2021,-91.25,39.75,2.5789022
1027,1320764,2021,-91.25,40.25,3.1498404
1028,1320765,2021,-90.75,32.75,3.1983209
1029,1320766,2021,-90.75,33.25,3.2033613
1030,1320767,2021,-90.75,33.75,3.0532727
1031,1320768,2021,-90.75,34.25,2.0886137
1032,1320769,2021,-90.75,34.75,2.7864215
1033,1320770,2021,-90.75,35.25,2.9683757
1034,1320771,2021,-90.75,35.75,2.5987647
1035,1320772,2021,-90.75,36.25,2.6955204
1036,1320773,2021,-90.75,38.75,3.4459515
1037,1320774,2021,-90.75,39.25,3.7675118
1038,1320775,2021,-90.75,39.75,3.4926376
1039,1320776,2021,-90.75,40.25,3.5585847
1040,1320777,2021,-90.25,33.25,3.8344355
1041,1320778,2021,-90.25,33.75,3.8096414
1042,1320779,2021,-90.25,34.25,3.6602561
1043,1320780,2021,-90.25,34.75,3.2808537
1044,1320781,2021,-90.25,35.25,2.8704677
1045,1320782,2021,-90.25,35.75,3.0101066
1046,1320783,2021,-90.25,36.25,3.4654953
1047,1320784,2021,-90.25,36.75,3.3538492
1048,1320785,2021,-90.25,37.75,3.3201678
1049,1320786,2021,-90.25,38.25,3.7851577
1050,1320787,2021,-90.25,38.75,3.9309154
1051,1320788,2021,-90.25,39.25,3.8609552
1052,1320789,2021,-90.25,39.75,3.0335855
1053,1320790,2021,-90.25,40.25,3.9343934
1054,1320791,2021,-89.75,34.75,3.1220438
1055,1320792,2021,-89.75,35.25,3.2750278
1056,1320793,2021,-89.75,35.75,3.4764016
1057,1320794,2021,-89.75,36.25,2.912722
1058,1320795,2021,-89.75,36.75,3.5569034
1059,1320796,2021,-89.75,37.25,2.8018746
1060,1320797,2021,-89.75,37.75,3.4755447
1061,1320798,2021,-89.75,38.25,3.479321
1062,1320799,2021,-89.75,38.75,4.115413
1063,1320800,2021,-89.75,39.25,3.707436
1064,1320801,2021,-89.75,40.25,3.1290889
1065,1320802,2021,-89.25,35.25,3.6562114
1066,1320803,2021,-89.25,35.75,3.554158
1067,1320804,2021,-89.25,36.25,3.0140786
1068,1320805,2021,-89.25,36.75,2.7537982
1069,1320806,2021,-89.25,37.25,3.3328917
1070,1320807,2021,-89.25,37.75,2.6825738
1071,1320808,2021,-89.25,38.25,3.212099
1072,1320809,2021,-89.25,38.75,2.9912791
1073,1320810,2021,-89.25,39.25,2.982198
1074,1320811,2021,-89.25,42.25,3.2980092
1075,1320812,2021,-89.25,42.75,4.203263
1076,1320813,2021,-89.25,43.25,4.015611
1077,1320814,2021,-89.25,43.75,4.0528984
1078,1320815,2021,-88.75,35.75,2.563597
1079,1320816,2021,-88.75,36.25,2.7801569
1080,1320817,2021,-88.75,36.75,2.6610782
1081,1320818,2021,-88.75,37.25,2.7379808
1082,1320819,2021,-88.75,37.75,2.9361835
1083,1320820,2021,-88.75,38.25,3.3142798
1084,1320821,2021,-88.75,38.75,1.9465467
1085,1320822,2021,-88.75,39.25,1.5405484
1086,1320823,2021,-88.75,42.25,2.5464454
1087,1320824,2021,-88.75,42.75,2.6040583
1088,1320825,2021,-88.75,43.25,2.7736082
1089,1320826,2021,-88.75,43.75,3.113548
1090,1320827,2021,-88.75,44.25,2.941951
1091,1320828,2021,-88.25,36.25,2.409366
1092,1320829,2021,-88.25,36.75,2.1481454
1093,1320830,2021,-88.25,37.75,0.8092252
1094,1320831,2021,-88.25,38.25,0.93376935
1095,1320832,2021,-88.25,38.75,1.8516171
1096,1320833,2021,-88.25,39.25,1.759971
1097,1320834,2021,-88.25,41.25,2.296941
1098,1320835,2021,-88.25,42.75,2.60729
1099,1320836,2021,-88.25,43.25,2.712652
1100,1320837,2021,-88.25,43.75,1.9738446
1101,1320838,2021,-88.25,44.25,2.300985
1102,1320839,2021,-87.75,36.75,1.1417016
1103,1320840,2021,-87.75,37.25,1.9181917
1104,1320841,2021,-87.75,37.75,1.3183532
1105,1320842,2021,-87.75,38.25,1.9293759
1106,1320843,2021,-87.75,38.75,1.3730497
1107,1320844,2021,-87.75,39.25,1.4796145
1108,1320845,2021,-87.75,41.25,1.6692665
1109,1320846,2021,-87.75,43.75,2.0179467
1110,1320847,2021,-87.75,44.25,1.9088241
1111,1320848,2021,-87.75,44.75,2.1818657
1112,1320849,2021,-87.25,34.75,0.8976807
1113,1320850,2021,-87.25,36.75,1.0415475
1114,1320851,2021,-87.25,37.25,1.4435222
1115,1320852,2021,-87.25,37.75,1.4491973
1116,1320853,2021,-87.25,38.25,2.3895495
1117,1320854,2021,-87.25,38.75,2.4413946
1118,1320855,2021,-87.25,39.25,2.617733
1119,1320856,2021,-87.25,39.75,3.317948
1120,1320857,2021,-87.25,40.25,3.802539
1121,1320858,2021,-87.25,41.25,3.2599585
1122,1320859,2021,-87.25,44.75,2.9524848
1123,1320860,2021,-86.75,34.75,2.8480551
1124,1320861,2021,-86.75,36.25,2.3417714
1125,1320862,2021,-86.75,36.75,3.0241487
1126,1320863,2021,-86.75,37.75,2.9140747
1127,1320864,2021,-86.75,38.25,2.6098154
1128,1320865,2021,-86.75,38.75,2.6106484
1129,1320866,2021,-86.75,39.75,2.9544437
1130,1320867,2021,-86.75,40.25,3.2279804
1131,1320868,2021,-86.25,35.25,3.3215997
1132,1320869,2021,-86.25,36.75,2.8573537
1133,1320870,2021,-86.25,37.25,2.721486
1134,1320871,2021,-86.25,37.75,2.743375
1135,1320872,2021,-86.25,38.25,2.9977834
1136,1320873,2021,-86.25,38.75,2.706311
1137,1320874,2021,-86.25,40.25,3.2046418
1138,1320875,2021,-86.25,40.75,3.5840986
1139,1320876,2021,-86.25,41.25,2.6023307
1140,1320877,2021,-86.25,41.75,3.13819
1141,1320878,2021,-85.75,38.75,2.8822844
1142,1320879,2021,-85.75,39.25,2.1582396
1143,1320880,2021,-85.75,39.75,2.31575
1144,1320881,2021,-85.75,40.25,3.1895006
1145,1320882,2021,-85.75,40.75,3.3937132
1146,1320883,2021,-85.75,41.25,3.3010242
1147,1320884,2021,-85.75,41.75,3.3460193
1148,1320885,2021,-85.75,42.25,2.4271085
1149,1320886,2021,-85.75,42.75,2.5133116
1150,1320887,2021,-85.75,43.25,2.516607
1151,1320888,2021,-85.25,31.25,1.7538033
1152,1320889,2021,-85.25,38.25,3.057942
1153,1320890,2021,-85.25,39.25,3.0750122
1154,1320891,2021,-85.25,39.75,2.9468176
1155,1320892,2021,-85.25,40.25,3.21468
1156,1320893,2021,-85.25,40.75,3.4481704
1157,1320894,2021,-85.25,41.25,2.8383384
1158,1320895,2021,-85.25,41.75,2.273244
1159,1320896,2021,-85.25,42.25,2.6497533
1160,1320897,2021,-85.25,42.75,2.6835005
1161,1320898,2021,-85.25,43.25,2.383872
1162,1320899,2021,-84.75,31.25,2.2111876
1163,1320900,2021,-84.75,31.75,1.9711874
1164,1320901,2021,-84.75,39.75,2.709815
1165,1320902,2021,-84.75,40.25,1.9330726
1166,1320903,2021,-84.75,40.75,2.258307
1167,1320904,2021,-84.75,41.25,1.8725193
1168,1320905,2021,-84.75,41.75,2.611853
1169,1320906,2021,-84.75,42.25,2.6395445
1170,1320907,2021,-84.75,42.75,2.6494489
1171,1320908,2021,-84.75,43.25,2.5700603
1172,1320909,2021,-84.75,43.75,2.3438501
1173,1320910,2021,-84.25,31.75,1.4054369
1174,1320911,2021,-84.25,32.25,2.1616402
1175,1320912,2021,-84.25,39.75,2.4158583
1176,1320913,2021,-84.25,40.25,2.7054172
1177,1320914,2021,-84.25,40.75,2.5419822
1178,1320915,2021,-84.25,41.25,2.2956386
1179,1320916,2021,-84.25,41.75,2.5197783
1180,1320917,2021,-84.25,42.25,2.537954
1181,1320918,2021,-84.25,42.75,2.6488087
1182,1320919,2021,-84.25,43.25,2.7664495
1183,1320920,2021,-84.25,43.75,2.817364
1184,1320921,2021,-83.75,31.75,2.545843
1185,1320922,2021,-83.75,32.25,3.09378
1186,1320923,2021,-83.75,32.75,2.8789067
1187,1320924,2021,-83.75,39.25,2.2116714
1188,1320925,2021,-83.75,39.75,2.58121
1189,1320926,2021,-83.75,40.25,2.592139
1190,1320927,2021,-83.75,40.75,2.7740157
1191,1320928,2021,-83.75,41.25,1.9651496
1192,1320929,2021,-83.75,41.75,2.980098
1193,1320930,2021,-83.75,42.25,2.2501593
1194,1320931,2021,-83.75,42.75,2.5695972
1195,1320932,2021,-83.75,43.25,2.8162231
1196,1320933,2021,-83.75,43.75,1.2730575
1197,1320934,2021,-83.25,32.25,1.9826761
1198,1320935,2021,-83.25,34.25,1.3556054
1199,1320936,2021,-83.25,39.25,2.3673353
1200,1320937,2021,-83.25,39.75,2.6303349
1201,1320938,2021,-83.25,40.25,2.4268682
1202,1320939,2021,-83.25,40.75,2.632695
1203,1320940,2021,-83.25,41.25,2.3217492
1204,1320941,2021,-83.25,41.75,2.3100739
1205,1320942,2021,-83.25,43.25,1.2059708
1206,1320943,2021,-83.25,43.75,1.057823
1207,1320944,2021,-82.75,32.25,2.0468817
1208,1320945,2021,-82.75,32.75,1.780971
1209,1320946,2021,-82.75,33.25,1.891807
1210,1320947,2021,-82.75,39.25,2.430168
1211,1320948,2021,-82.75,39.75,2.6493766
1212,1320949,2021,-82.75,40.25,2.811285
1213,1320950,2021,-82.75,40.75,2.2254343
1214,1320951,2021,-82.75,41.25,2.6484568
1215,1320952,2021,-82.75,42.25,2.008563
1216,1320953,2021,-82.75,42.75,2.1116214
1217,1320954,2021,-82.75,43.25,1.4049075
1218,1320955,2021,-82.75,43.75,1.1862699
1219,1320956,2021,-82.25,32.75,2.3833382
1220,1320957,2021,-82.25,33.25,1.7599753
1221,1320958,2021,-82.25,39.75,2.6261978
1222,1320959,2021,-82.25,40.25,2.7007122
1223,1320960,2021,-82.25,40.75,2.7508178
1224,1320961,2021,-82.25,41.25,2.9166172
1225,1320962,2021,-82.25,42.25,2.214254
1226,1320963,2021,-82.25,42.75,2.0380068
1227,1320964,2021,-82.25,43.25,1.7559941
1228,1320965,2021,-81.75,32.25,2.7389498
1229,1320966,2021,-81.75,32.75,2.397995
1230,1320967,2021,-81.75,40.75,2.263734
1231,1320968,2021,-81.75,42.25,3.2272995
1232,1320969,2021,-81.75,42.75,3.5475059
1233,1320970,2021,-81.75,43.25,3.0907235
1234,1320971,2021,-81.75,43.75,2.5902915
1235,1320972,2021,-81.75,44.25,2.0927858
1236,1320973,2021,-81.25,32.75,2.8481836
1237,1320974,2021,-81.25,33.25,2.8327527
1238,1320975,2021,-81.25,35.75,2.997163
1239,1320976,2021,-81.25,40.75,2.3784206
1240,1320977,2021,-81.25,42.75,3.1812282
1241,1320978,2021,-81.25,43.25,2.17842
1242,1320979,2021,-81.25,43.75,2.6472368
1243,1320980,2021,-81.25,44.25,2.088907
1244,1320981,2021,-80.75,33.25,3.3855608
1245,1320982,2021,-80.75,33.75,3.6247733
1246,1320983,2021,-80.75,34.75,3.227948
1247,1320984,2021,-80.75,35.25,3.5002935
1248,1320985,2021,-80.75,35.75,3.3941543
1249,1320986,2021,-80.75,36.25,3.7075253
1250,1320987,2021,-80.75,40.75,3.2216733
1251,1320988,2021,-80.75,42.75,2.9620974
1252,1320989,2021,-80.75,43.25,2.3554158
1253,1320990,2021,-80.75,43.75,1.9341975
1254,1320991,2021,-80.75,44.25,1.9825639
1255,1320992,2021,-80.25,33.25,3.4274123
1256,1320993,2021,-80.25,33.75,3.5362904
1257,1320994,2021,-80.25,34.25,3.291037
1258,1320995,2021,-80.25,34.75,3.7201953
1259,1320996,2021,-80.25,35.25,3.388283
1260,1320997,2021,-80.25,35.75,2.6298823
1261,1320998,2021,-80.25,36.25,2.3967457
1262,1320999,2021,-80.25,42.75,2.4812236
1263,1321000,2021,-80.25,43.25,2.891771
1264,1321001,2021,-80.25,43.75,2.6088305
1265,1321002,2021,-80.25,44.25,2.8356018
1266,1321003,2021,-79.75,33.75,2.5482497
1267,1321004,2021,-79.75,34.25,2.7722597
1268,1321005,2021,-79.75,34.75,1.9086229
1269,1321006,2021,-79.75,35.75,2.4943104
1270,1321007,2021,-79.75,36.25,2.0870469
1271,1321008,2021,-79.75,42.75,2.5203872
1272,1321009,2021,-79.75,43.25,2.478633
1273,1321010,2021,-79.75,43.75,3.1615171
1274,1321011,2021,-79.75,44.25,2.649894
1275,1321012,2021,-79.75,44.75,2.2868245
1276,1321013,2021,-79.75,47.75,1.8078995
1277,1321014,2021,-79.25,33.75,2.7755854
1278,1321015,2021,-79.25,34.25,3.1101868
1279,1321016,2021,-79.25,34.75,3.090285
1280,1321017,2021,-79.25,35.25,3.0052164
1281,1321018,2021,-79.25,36.25,2.8703785
1282,1321019,2021,-79.25,36.75,3.088853
1283,1321020,2021,-79.25,42.75,2.1309328
1284,1321021,2021,-79.25,43.25,1.8239533
1285,1321022,2021,-79.25,44.25,2.105263
1286,1321023,2021,-78.75,34.75,2.886547
1287,1321024,2021,-78.75,35.25,2.9549797
1288,1321025,2021,-78.75,35.75,3.115589
1289,1321026,2021,-78.75,36.25,2.9471858
1290,1321027,2021,-78.75,43.25,2.5454628
1291,1321028,2021,-78.75,44.25,1.7920862
1292,1321029,2021,-78.25,-7.75,2.0620966
1293,1321030,2021,-78.25,34.75,2.7576277
1294,1321031,2021,-78.25,35.25,2.8853474
1295,1321032,2021,-78.25,35.75,2.760311
1296,1321033,2021,-78.25,36.25,2.602587
1297,1321034,2021,-78.25,42.75,3.1531162
1298,1321035,2021,-78.25,43.25,3.1294477
1299,1321036,2021,-78.25,44.25,2.4346488
1300,1321037,2021,-77.75,34.75,2.864612
1301,1321038,2021,-77.75,35.25,2.6781352
1302,1321039,2021,-77.75,35.75,2.833729
1303,1321040,2021,-77.75,36.25,2.66192
1304,1321041,2021,-77.75,37.75,2.5661192
1305,1321042,2021,-77.75,39.25,2.1445813
1306,1321043,2021,-77.75,39.75,2.7295122
1307,1321044,2021,-77.75,42.75,2.5731115
1308,1321045,2021,-77.75,43.25,2.343993
1309,1321046,2021,-77.75,44.25,2.9944208
1310,1321047,2021,-77.25,35.25,4.021188
1311,1321048,2021,-77.25,35.75,2.7486088
1312,1321049,2021,-77.25,36.25,3.118858
1313,1321050,2021,-77.25,36.75,3.1513066
1314,1321051,2021,-77.25,37.25,3.8348665
1315,1321052,2021,-77.25,37.75,4.01472
1316,1321053,2021,-77.25,38.25,4.171908
1317,1321054,2021,-77.25,39.25,3.3976974
1318,1321055,2021,-77.25,39.75,2.9641583
1319,1321056,2021,-77.25,40.25,3.2214193
1320,1321057,2021,-77.25,42.75,2.7899811
1321,1321058,2021,-77.25,43.25,2.5681238
1322,1321059,2021,-77.25,44.25,2.4989164
1323,1321060,2021,-76.75,35.75,3.8909304
1324,1321061,2021,-76.75,36.25,3.494944
1325,1321062,2021,-76.75,36.75,3.695868
1326,1321063,2021,-76.75,37.25,3.8390362
1327,1321064,2021,-76.75,37.75,3.9846144
1328,1321065,2021,-76.75,38.25,3.61926
1329,1321066,2021,-76.75,38.75,3.5671034
1330,1321067,2021,-76.75,39.75,2.7880812
1331,1321068,2021,-76.75,40.25,2.581945
1332,1321069,2021,-76.75,40.75,2.909277
1333,1321070,2021,-76.75,42.75,3.2565107
1334,1321071,2021,-76.25,35.75,3.4537416
1335,1321072,2021,-76.25,36.25,3.7618074
1336,1321073,2021,-76.25,36.75,3.3242867
1337,1321074,2021,-76.25,37.75,4.1076875
1338,1321075,2021,-76.25,38.75,3.3622465
1339,1321076,2021,-76.25,39.25,3.2376738
1340,1321077,2021,-76.25,39.75,3.3959734
1341,1321078,2021,-76.25,40.25,2.9937518
1342,1321079,2021,-76.25,40.75,2.730432
1343,1321080,2021,-75.75,37.25,2.2184026
1344,1321081,2021,-75.75,37.75,2.7831182
1345,1321082,2021,-75.75,38.25,3.9310746
1346,1321083,2021,-75.75,38.75,3.0103629
1347,1321084,2021,-75.75,39.25,2.2963374
1348,1321085,2021,-75.75,39.75,3.046424
1349,1321086,2021,-75.75,40.25,3.0541704
1350,1321087,2021,-75.75,40.75,2.8910577
1351,1321088,2021,-75.25,38.25,3.3484263
1352,1321089,2021,-75.25,38.75,3.34074
1353,1321090,2021,-75.25,39.25,2.8110564
1354,1321091,2021,-75.25,39.75,2.8750098
1355,1321092,2021,-75.25,40.75,2.8105602
1356,1321093,2021,-75.25,45.25,2.1685524
1357,1321094,2021,-74.75,40.25,1.3807627
1358,1321095,2021,-74.75,45.25,2.056744
1359,1321096,2021,-73.25,-41.25,2.7016726
1360,1321097,2021,-73.25,-40.75,2.6531696
1361,1321098,2021,-73.25,-40.25,2.7252882
1362,1321099,2021,-73.25,45.75,1.7165858
1363,1321100,2021,-72.75,-40.75,2.9574213
1364,1321101,2021,-72.75,-40.25,2.5993266
1365,1321102,2021,-72.75,-39.75,2.7376976
1366,1321103,2021,-72.75,-39.25,2.3442752
1367,1321104,2021,-72.75,-38.25,2.2260213
1368,1321105,2021,-72.75,-37.75,2.4892974
1369,1321106,2021,-72.75,45.75,1.8225639
1370,1321107,2021,-72.25,-39.25,2.4448483
1371,1321108,2021,-72.25,-38.75,2.5345798
1372,1321109,2021,-72.25,-38.25,3.2426674
1373,1321110,2021,-72.25,-36.75,2.7863836
1374,1321111,2021,-72.25,-36.25,2.9179869
1375,1321112,2021,-71.75,-35.75,3.1487346
1376,1321113,2021,-71.75,-34.75,2.4384472
1377,1321114,2021,-71.25,-34.75,2.435204
1378,1321115,2021,-71.25,-34.25,2.6578174
1379,1321116,2021,-66.75,-17.25,1.4172733
1380,1321117,2021,-66.25,-18.75,1.8484557
1381,1321118,2021,-66.25,-17.25,1.5901608
1382,1321119,2021,-65.75,-36.25,3.7065828
1383,1321120,2021,-65.75,-27.75,
1384,1321121,2021,-65.75,-27.25,2.9449127
1385,1321122,2021,-65.75,-18.75,1.974566
1386,1321123,2021,-65.75,-18.25,1.9958603
1387,1321124,2021,-65.75,-17.75,1.4086211
1388,1321125,2021,-65.25,-36.25,1.0907279
1389,1321126,2021,-65.25,-34.75,0.828621
1390,1321127,2021,-65.25,-34.25,1.0504767
1391,1321128,2021,-65.25,-33.75,1.024069
1392,1321129,2021,-65.25,-33.25,
1393,1321130,2021,-65.25,-27.75,
1394,1321131,2021,-65.25,-26.75,0.81340826
1395,1321132,2021,-65.25,-18.25,1.7559254
1396,1321133,2021,-65.25,-17.75,1.5102131
1397,1321134,2021,-65.25,-16.75,1.634042
1398,1321135,2021,-64.75,-37.25,0.827559
1399,1321136,2021,-64.75,-36.75,1.112788
1400,1321137,2021,-64.75,-36.25,1.110771
1401,1321138,2021,-64.75,-35.75,1.155956
1402,1321139,2021,-64.75,-35.25,1.0663579
1403,1321140,2021,-64.75,-34.75,1.1326423
1404,1321141,2021,-64.75,-34.25,1.5121343
1405,1321142,2021,-64.75,-33.75,1.441613
1406,1321143,2021,-64.75,-27.25,1.4848646
1407,1321144,2021,-64.75,-26.75,
1408,1321145,2021,-64.75,-26.25,1.5124003
1409,1321146,2021,-64.75,-25.75,
1410,1321147,2021,-64.75,-18.25,1.2682743
1411,1321148,2021,-64.75,-17.25,1.325372
1412,1321149,2021,-64.25,-37.25,1.4529078
1413,1321150,2021,-64.25,-36.75,1.4701227
1414,1321151,2021,-64.25,-36.25,1.4803562
1415,1321152,2021,-64.25,-35.75,1.4705715
1416,1321153,2021,-64.25,-33.25,1.5475934
1417,1321154,2021,-64.25,-32.75,1.4190285
1418,1321155,2021,-63.75,-37.25,1.5424504
1419,1321156,2021,-63.75,-36.75,1.5947174
1420,1321157,2021,-63.75,-36.25,1.5855387
1421,1321158,2021,-63.75,-35.75,1.5677598
1422,1321159,2021,-63.75,-34.25,1.0602443
1423,1321160,2021,-63.75,-33.75,1.4317554
1424,1321161,2021,-63.75,-25.25,
1425,1321162,2021,-63.25,-40.25,1.5405447
1426,1321163,2021,-63.25,-39.75,1.4966812
1427,1321164,2021,-63.25,-39.25,1.5275633
1428,1321165,2021,-63.25,-38.75,1.5385749
1429,1321166,2021,-63.25,-38.25,
1430,1321167,2021,-63.25,-37.75,
1431,1321168,2021,-63.25,-37.25,1.543688
1432,1321169,2021,-63.25,-36.75,2.149391
1433,1321170,2021,-63.25,-36.25,2.1647341
1434,1321171,2021,-63.25,-35.75,2.1662884
1435,1321172,2021,-63.25,-35.25,2.0987024
1436,1321173,2021,-63.25,-33.25,2.231693
1437,1321174,2021,-63.25,-32.75,
1438,1321175,2021,-63.25,-32.25,
1439,1321176,2021,-63.25,-30.25,
1440,1321177,2021,-63.25,-29.75,
1441,1321178,2021,-62.75,-40.75,2.1432285
1442,1321179,2021,-62.75,-40.25,1.8052087
1443,1321180,2021,-62.75,-39.75,2.0485444
1444,1321181,2021,-62.75,-39.25,1.9839782
1445,1321182,2021,-62.75,-38.75,
1446,1321183,2021,-62.75,-38.25,2.063889
1447,1321184,2021,-62.75,-37.75,
1448,1321185,2021,-62.75,-37.25,
1449,1321186,2021,-62.75,-36.75,1.7444896
1450,1321187,2021,-62.75,-36.25,2.175163
1451,1321188,2021,-62.75,-35.75,2.1530452
1452,1321189,2021,-62.75,-35.25,2.0718994
1453,1321190,2021,-62.75,-33.75,1.4365503
1454,1321191,2021,-62.75,-33.25,
1455,1321192,2021,-62.75,-32.75,1.4386203
1456,1321193,2021,-62.75,-32.25,1.2042675
1457,1321194,2021,-62.75,-31.75,
1458,1321195,2021,-62.75,-31.25,
1459,1321196,2021,-62.75,-29.25,1.0988917
1460,1321197,2021,-62.75,-28.75,1.0100327
1461,1321198,2021,-62.25,-40.75,1.5936353
1462,1321199,2021,-62.25,-40.25,1.6514311
1463,1321200,2021,-62.25,-39.75,1.6934477
1464,1321201,2021,-62.25,-39.25,1.6262712
1465,1321202,2021,-62.25,-38.75,1.4284096
1466,1321203,2021,-62.25,-38.25,1.3412287
1467,1321204,2021,-62.25,-37.75,1.5567282
1468,1321205,2021,-62.25,-36.75,1.4601812
1469,1321206,2021,-62.25,-36.25,
1470,1321207,2021,-62.25,-35.75,0.8245974
1471,1321208,2021,-62.25,-35.25,0.77577585
1472,1321209,2021,-62.25,-34.75,0.7117046
1473,1321210,2021,-62.25,-34.25,0.4096855
1474,1321211,2021,-62.25,-33.75,0.57848924
1475,1321212,2021,-62.25,-33.25,
1476,1321213,2021,-62.25,-32.75,
1477,1321214,2021,-62.25,-32.25,
1478,1321215,2021,-62.25,-31.75,
1479,1321216,2021,-62.25,-31.25,
1480,1321217,2021,-62.25,-30.75,
1481,1321218,2021,-62.25,-30.25,
1482,1321219,2021,-62.25,-29.75,
1483,1321220,2021,-62.25,-29.25,0.13438305
1484,1321221,2021,-62.25,-28.75,0.52439713
1485,1321222,2021,-62.25,-28.25,0.52936953
1486,1321223,2021,-62.25,-27.75,0.35876483
1487,1321224,2021,-62.25,-27.25,0.19908515
1488,1321225,2021,-61.75,-38.75,1.0133042
1489,1321226,2021,-61.75,-38.25,
1490,1321227,2021,-61.75,-37.75,0.91125894
1491,1321228,2021,-61.75,-37.25,1.1460601
1492,1321229,2021,-61.75,-36.75,1.0138052
1493,1321230,2021,-61.75,-36.25,0.8530201
1494,1321231,2021,-61.75,-35.75,0.58124614
1495,1321232,2021,-61.75,-35.25,1.6087734
1496,1321233,2021,-61.75,-34.75,1.9342461
1497,1321234,2021,-61.75,-34.25,
1498,1321235,2021,-61.75,-33.25,
1499,1321236,2021,-61.75,-32.75,
1500,1321237,2021,-61.75,-32.25,
1501,1321238,2021,-61.75,-31.75,1.3528447
1502,1321239,2021,-61.75,-31.25,
1503,1321240,2021,-61.75,-30.75,
1504,1321241,2021,-61.75,-30.25,
1505,1321242,2021,-61.75,-29.25,1.1189823
1506,1321243,2021,-61.75,-28.75,1.2690792
1507,1321244,2021,-61.75,-28.25,1.4099348
1508,1321245,2021,-61.75,-27.75,1.1882539
1509,1321246,2021,-61.75,-27.25,1.3095886
1510,1321247,2021,-61.75,-26.75,1.281625
1511,1321248,2021,-61.25,-38.75,1.7190452
1512,1321249,2021,-61.25,-38.25,1.6146967
1513,1321250,2021,-61.25,-37.75,
1514,1321251,2021,-61.25,-37.25,1.70983
1515,1321252,2021,-61.25,-36.75,1.7201725
1516,1321253,2021,-61.25,-35.75,2.026018
1517,1321254,2021,-61.25,-35.25,2.0772085
1518,1321255,2021,-61.25,-34.75,
1519,1321256,2021,-61.25,-34.25,1.2861196
1520,1321257,2021,-61.25,-33.75,1.5728241
1521,1321258,2021,-61.25,-33.25,0.98274076
1522,1321259,2021,-61.25,-32.25,1.7305568
1523,1321260,2021,-61.25,-31.75,1.2588266
1524,1321261,2021,-61.25,-31.25,
1525,1321262,2021,-61.25,-30.75,1.5042346
1526,1321263,2021,-61.25,-30.25,1.4199026
1527,1321264,2021,-61.25,-29.25,1.3618625
1528,1321265,2021,-61.25,-28.75,1.6754428
1529,1321266,2021,-61.25,-28.25,1.5391403
1530,1321267,2021,-61.25,-27.75,1.691807
1531,1321268,2021,-61.25,-27.25,1.6635655
1532,1321269,2021,-61.25,-26.75,1.5411189
1533,1321270,2021,-60.75,-38.75,2.2788591
1534,1321271,2021,-60.75,-37.75,2.582153
1535,1321272,2021,-60.75,-37.25,2.7871513
1536,1321273,2021,-60.75,-36.75,2.5871525
1537,1321274,2021,-60.75,-36.25,2.4332435
1538,1321275,2021,-60.75,-35.75,2.7365503
1539,1321276,2021,-60.75,-35.25,2.872709
1540,1321277,2021,-60.75,-34.75,2.2235596
1541,1321278,2021,-60.75,-34.25,
1542,1321279,2021,-60.75,-33.75,2.511286
1543,1321280,2021,-60.75,-33.25,2.0301628
1544,1321281,2021,-60.75,-32.75,2.3934555
1545,1321282,2021,-60.75,-32.25,
1546,1321283,2021,-60.75,-31.75,
1547,1321284,2021,-60.75,-31.25,
1548,1321285,2021,-60.75,-30.75,2.711793
1549,1321286,2021,-60.75,-30.25,2.667191
1550,1321287,2021,-60.75,-27.25,2.2948358
1551,1321288,2021,-60.75,-26.75,2.490706
1552,1321289,2021,-60.25,-38.75,2.2369235
1553,1321290,2021,-60.25,-38.25,2.2746742
1554,1321291,2021,-60.25,-37.75,2.2340186
1555,1321292,2021,-60.25,-37.25,
1556,1321293,2021,-60.25,-36.75,2.3985696
1557,1321294,2021,-60.25,-35.75,
1558,1321295,2021,-60.25,-35.25,2.8160813
1559,1321296,2021,-60.25,-34.75,2.5353184
1560,1321297,2021,-60.25,-34.25,2.638846
1561,1321298,2021,-60.25,-33.75,2.5396466
1562,1321299,2021,-60.25,-33.25,2.3176904
1563,1321300,2021,-60.25,-32.75,1.9719347
1564,1321301,2021,-60.25,-32.25,
1565,1321302,2021,-60.25,-31.75,2.2854793
1566,1321303,2021,-60.25,-31.25,2.0420482
1567,1321304,2021,-60.25,-30.75,2.2720032
1568,1321305,2021,-60.25,-30.25,1.9673324
1569,1321306,2021,-60.25,-29.75,2.0868268
1570,1321307,2021,-60.25,-26.75,2.143127
1571,1321308,2021,-59.75,-38.75,3.426151
1572,1321309,2021,-59.75,-38.25,3.064099
1573,1321310,2021,-59.75,-37.75,3.2451134
1574,1321311,2021,-59.75,-37.25,3.2085238
1575,1321312,2021,-59.75,-36.75,3.2014663
1576,1321313,2021,-59.75,-36.25,
1577,1321314,2021,-59.75,-35.75,3.1564188
1578,1321315,2021,-59.75,-35.25,2.8222184
1579,1321316,2021,-59.75,-34.75,3.1907141
1580,1321317,2021,-59.75,-34.25,2.8592925
1581,1321318,2021,-59.75,-33.75,2.6299753
1582,1321319,2021,-59.75,-32.75,1.5886244
1583,1321320,2021,-59.75,-32.25,
1584,1321321,2021,-59.75,-31.75,2.6070359
1585,1321322,2021,-59.75,-31.25,2.783081
1586,1321323,2021,-59.75,-30.75,2.893784
1587,1321324,2021,-59.75,-29.25,2.8603299
1588,1321325,2021,-59.75,-28.75,2.9863763
1589,1321326,2021,-59.25,-38.75,2.999067
1590,1321327,2021,-59.25,-38.25,3.3508084
1591,1321328,2021,-59.25,-37.75,3.2603028
1592,1321329,2021,-59.25,-37.25,3.489013
1593,1321330,2021,-59.25,-36.75,3.4644458
1594,1321331,2021,-59.25,-36.25,3.4669354
1595,1321332,2021,-59.25,-35.75,3.3949664
1596,1321333,2021,-59.25,-35.25,3.361201
1597,1321334,2021,-59.25,-34.75,3.2429569
1598,1321335,2021,-59.25,-34.25,3.2106962
1599,1321336,2021,-59.25,-33.75,3.0093496
1600,1321337,2021,-59.25,-33.25,3.0872757
1601,1321338,2021,-59.25,-32.75,3.2432234
1602,1321339,2021,-59.25,-32.25,3.2230833
1603,1321340,2021,-59.25,-31.75,3.3108644
1604,1321341,2021,-59.25,-31.25,3.177408
1605,1321342,2021,-59.25,-30.75,2.967188
1606,1321343,2021,-59.25,-28.75,2.2800448
1607,1321344,2021,-59.25,-28.25,2.2666047
1608,1321345,2021,-58.75,-38.75,3.3244953
1609,1321346,2021,-58.75,-38.25,3.2831106
1610,1321347,2021,-58.75,-37.75,3.0750566
1611,1321348,2021,-58.75,-37.25,2.6601696
1612,1321349,2021,-58.75,-35.75,2.485311
1613,1321350,2021,-58.75,-35.25,2.5689437
1614,1321351,2021,-58.75,-34.75,2.5920255
1615,1321352,2021,-58.75,-33.25,2.2761526
1616,1321353,2021,-58.75,-32.75,
1617,1321354,2021,-58.75,-32.25,2.5712855
1618,1321355,2021,-58.75,-31.75,3.0346243
1619,1321356,2021,-58.75,-31.25,2.768418
1620,1321357,2021,-58.25,-38.25,3.1010454
1621,1321358,2021,-58.25,-37.75,3.2864645
1622,1321359,2021,-58.25,-37.25,3.1876364
1623,1321360,2021,-58.25,-35.75,3.5562983
1624,1321361,2021,-58.25,-33.75,1.9844949
1625,1321362,2021,-58.25,-33.25,2.1832967
1626,1321363,2021,-58.25,-32.75,2.5860994
1627,1321364,2021,-58.25,-32.25,2.8248878
1628,1321365,2021,-58.25,-31.75,3.01977
1629,1321366,2021,-58.25,-31.25,2.9463499
1630,1321367,2021,-58.25,-30.75,3.4862256
1631,1321368,2021,-57.75,-38.25,2.9574554
1632,1321369,2021,-57.75,-37.75,2.9393382
1633,1321370,2021,-57.75,-37.25,3.1609101
1634,1321371,2021,-57.75,-35.75,3.3932657
1635,1321372,2021,-57.75,-34.25,2.2933497
1636,1321373,2021,-57.75,-33.75,1.902538
1637,1321374,2021,-57.75,-33.25,2.14821
1638,1321375,2021,-57.75,-32.75,1.9475149
1639,1321376,2021,-57.75,-32.25,2.7292569
1640,1321377,2021,-57.75,-31.75,2.9279048
1641,1321378,2021,-57.25,-37.25,2.9094791
1642,1321379,2021,-57.25,-34.25,2.2623577
1643,1321380,2021,-57.25,-33.75,2.299231
1644,1321381,2021,-57.25,-33.25,2.28799
1645,1321382,2021,-57.25,-32.75,2.5201755
1646,1321383,2021,-57.25,-32.25,2.7801359
1647,1321384,2021,-56.75,-34.25,2.175043
1648,1321385,2021,-56.75,-33.75,2.0772629
1649,1321386,2021,-56.75,-24.75,2.413145
1650,1321387,2021,-56.25,-29.25,2.196821
1651,1321388,2021,-56.25,-28.75,1.9827831
1652,1321389,2021,-56.25,-27.25,1.9528532
1653,1321390,2021,-56.25,-23.75,2.0892801
1654,1321391,2021,-55.75,-28.75,1.5163281
1655,1321392,2021,-55.75,-28.25,0.7699412
1656,1321393,2021,-55.75,-27.25,1.3831679
1657,1321394,2021,-55.75,-26.75,1.7251648
1658,1321395,2021,-55.75,-25.25,1.1952397
1659,1321396,2021,-55.75,-22.75,1.1440243
1660,1321397,2021,-55.75,-22.25,1.4404898
1661,1321398,2021,-55.75,-21.75,1.5239921
1662,1321399,2021,-55.25,-28.75,1.526987
1663,1321400,2021,-55.25,-28.25,1.703276
1664,1321401,2021,-55.25,-26.75,1.4427694
1665,1321402,2021,-55.25,-26.25,1.6681648
1666,1321403,2021,-55.25,-25.75,1.4665822
1667,1321404,2021,-55.25,-25.25,1.371081
1668,1321405,2021,-55.25,-24.25,1.1362551
1669,1321406,2021,-55.25,-22.75,1.6225008
1670,1321407,2021,-55.25,-22.25,1.3923836
1671,1321408,2021,-54.75,-29.25,1.2199305
1672,1321409,2021,-54.75,-28.75,1.1465511
1673,1321410,2021,-54.75,-28.25,1.0597297
1674,1321411,2021,-54.75,-27.75,1.2408698
1675,1321412,2021,-54.75,-26.25,1.2178354
1676,1321413,2021,-54.75,-25.75,1.325126
1677,1321414,2021,-54.75,-25.25,1.3088813
1678,1321415,2021,-54.75,-24.75,1.1879383
1679,1321416,2021,-54.75,-24.25,1.2848629
1680,1321417,2021,-54.75,-22.75,1.289326
1681,1321418,2021,-54.75,-22.25,1.3154693
1682,1321419,2021,-54.75,-21.75,1.3638217
1683,1321420,2021,-54.25,-29.25,1.4427172
1684,1321421,2021,-54.25,-28.75,1.1990235
1685,1321422,2021,-54.25,-28.25,1.2879632
1686,1321423,2021,-54.25,-27.75,1.706919
1687,1321424,2021,-54.25,-27.25,1.3986332
1688,1321425,2021,-54.25,-25.25,1.5367846
1689,1321426,2021,-54.25,-24.75,1.3690703
1690,1321427,2021,-54.25,-24.25,1.7103355
1691,1321428,2021,-53.75,-30.25,0.90863955
1692,1321429,2021,-53.75,-29.25,1.3087174
1693,1321430,2021,-53.75,-28.75,1.4440743
1694,1321431,2021,-53.75,-28.25,1.830176
1695,1321432,2021,-53.75,-27.75,1.4295614
1696,1321433,2021,-53.75,-27.25,1.8422518
1697,1321434,2021,-53.75,-26.25,1.7093861
1698,1321435,2021,-53.75,-25.75,1.4305857
1699,1321436,2021,-53.75,-25.25,1.6371152
1700,1321437,2021,-53.75,-24.75,1.7849894
1701,1321438,2021,-53.75,-24.25,1.699178
1702,1321439,2021,-53.25,-30.25,1.714892
1703,1321440,2021,-53.25,-29.25,1.7221363
1704,1321441,2021,-53.25,-28.75,1.6271211
1705,1321442,2021,-53.25,-28.25,1.4231045
1706,1321443,2021,-53.25,-27.75,1.3553474
1707,1321444,2021,-53.25,-27.25,0.97500485
1708,1321445,2021,-53.25,-26.75,1.6469152
1709,1321446,2021,-53.25,-26.25,1.7827983
1710,1321447,2021,-53.25,-25.75,1.8728766
1711,1321448,2021,-53.25,-25.25,1.6142269
1712,1321449,2021,-53.25,-24.75,1.7285497
1713,1321450,2021,-53.25,-24.25,1.7463473
1714,1321451,2021,-52.75,-30.25,1.7832779
1715,1321452,2021,-52.75,-29.25,1.7810982
1716,1321453,2021,-52.75,-28.75,1.5029696
1717,1321454,2021,-52.75,-28.25,1.3951498
1718,1321455,2021,-52.75,-27.75,1.2230859
1719,1321456,2021,-52.75,-27.25,1.7149296
1720,1321457,2021,-52.75,-26.75,1.0927457
1721,1321458,2021,-52.75,-26.25,1.2993975
1722,1321459,2021,-52.75,-25.75,1.2034426
1723,1321460,2021,-52.75,-25.25,1.1818132
1724,1321461,2021,-52.75,-24.75,1.0757859
1725,1321462,2021,-52.75,-24.25,1.0995276
1726,1321463,2021,-52.25,-30.25,1.1206051
1727,1321464,2021,-52.25,-28.75,2.0885537
1728,1321465,2021,-52.25,-28.25,1.4558486
1729,1321466,2021,-52.25,-27.75,1.7539575
1730,1321467,2021,-52.25,-27.25,0.9069403
1731,1321468,2021,-52.25,-26.75,1.0979594
1732,1321469,2021,-52.25,-26.25,1.2907033
1733,1321470,2021,-52.25,-25.75,1.1941967
1734,1321471,2021,-52.25,-25.25,1.6293875
1735,1321472,2021,-52.25,-24.75,1.7885032
1736,1321473,2021,-52.25,-24.25,1.6811575
1737,1321474,2021,-52.25,-23.75,1.8357602
1738,1321475,2021,-52.25,-23.25,1.7567543
1739,1321476,2021,-51.75,-28.75,1.8698027
1740,1321477,2021,-51.75,-28.25,1.3057028
1741,1321478,2021,-51.75,-27.75,1.7333494
1742,1321479,2021,-51.75,-27.25,1.6287113
1743,1321480,2021,-51.75,-25.75,1.8761789
1744,1321481,2021,-51.75,-25.25,1.7660129
1745,1321482,2021,-51.75,-24.75,1.8685242
1746,1321483,2021,-51.75,-24.25,1.7868338
1747,1321484,2021,-51.75,-23.75,1.2700337
1748,1321485,2021,-51.75,-23.25,1.2673055
1749,1321486,2021,-51.25,-28.25,1.6651155
1750,1321487,2021,-51.25,-27.75,1.9158118
1751,1321488,2021,-51.25,-27.25,1.8089914
1752,1321489,2021,-51.25,-25.75,1.6054469
1753,1321490,2021,-51.25,-25.25,1.7204529
1754,1321491,2021,-51.25,-24.75,1.8395054
1755,1321492,2021,-51.25,-24.25,1.7313828
1756,1321493,2021,-51.25,-23.75,1.6603594
1757,1321494,2021,-51.25,-23.25,1.6186635
1758,1321495,2021,-51.25,-22.75,1.5274603
1759,1321496,2021,-50.75,-28.25,1.8976505
1760,1321497,2021,-50.75,-27.75,1.6920106
1761,1321498,2021,-50.75,-27.25,1.8088645
1762,1321499,2021,-50.75,-25.25,1.769374
1763,1321500,2021,-50.75,-24.75,1.9023027
1764,1321501,2021,-50.75,-24.25,1.9088643
1765,1321502,2021,-50.75,-23.75,1.7512699
1766,1321503,2021,-50.75,-23.25,1.5336035
1767,1321504,2021,-50.75,-22.75,1.5223061
1768,1321505,2021,-50.25,-25.25,1.6164969
1769,1321506,2021,-50.25,-24.75,1.6271778
1770,1321507,2021,-50.25,-24.25,1.5649561
1771,1321508,2021,-50.25,-23.75,1.5478579
1772,1321509,2021,-50.25,-23.25,1.5700823
1773,1321510,2021,-50.25,-22.75,1.6042529
1774,1321511,2021,-49.75,-25.25,1.5641316
1775,1321512,2021,-49.75,-24.75,1.5922934
1776,1321513,2021,-49.75,-24.25,1.4466391
1777,1321514,2021,-49.75,-23.75,1.6528133
1778,1321515,2021,-49.25,-24.75,1.6907283
1779,1321516,2021,-49.25,-24.25,1.6294026
1780,1321517,2021,-49.25,-23.75,1.8914454
1781,1321518,2021,-49.25,-23.25,1.8292034
1782,1321519,2021,-48.75,-24.25,1.2942988
1783,1321520,2021,-48.75,-23.75,1.5523633
1784,1321521,2021,-9.75,52.25,2.3385673
1785,1321522,2021,-9.25,51.75,2.257748
1786,1321523,2021,-9.25,52.25,2.4606252
1787,1321524,2021,-9.25,52.75,2.630035
1788,1321525,2021,-8.75,38.25,1.3666945
1789,1321526,2021,-8.75,38.75,1.2799037
1790,1321527,2021,-8.75,39.25,1.6193241
1791,1321528,2021,-8.75,51.75,1.8197567
1792,1321529,2021,-8.75,52.25,1.9805577
1793,1321530,2021,-8.75,52.75,1.8086411
1794,1321531,2021,-8.25,37.25,1.406172
1795,1321532,2021,-8.25,37.75,1.2461362
1796,1321533,2021,-8.25,38.25,1.365035
1797,1321534,2021,-8.25,39.25,1.229409
1798,1321535,2021,-8.25,51.75,2.726415
1799,1321536,2021,-8.25,52.25,2.9563477
1800,1321537,2021,-8.25,52.75,2.9144678
1801,1321538,2021,-7.75,37.75,1.9929017
1802,1321539,2021,-7.75,38.25,2.0242088
1803,1321540,2021,-7.75,38.75,2.1027749
1804,1321541,2021,-7.75,39.25,2.3409798
1805,1321542,2021,-7.75,42.75,2.9015584
1806,1321543,2021,-7.75,43.25,3.3268292
1807,1321544,2021,-7.75,52.25,3.11523
1808,1321545,2021,-7.75,52.75,2.9369957
1809,1321546,2021,-7.25,32.75,0.49913087
1810,1321547,2021,-7.25,37.25,2.107214
1811,1321548,2021,-7.25,37.75,1.6537817
1812,1321549,2021,-7.25,38.25,1.7045379
1813,1321550,2021,-7.25,38.75,1.7167563
1814,1321551,2021,-7.25,39.25,1.9036484
1815,1321552,2021,-7.25,41.25,2.7070875
1816,1321553,2021,-7.25,41.75,3.0780342
1817,1321554,2021,-7.25,43.25,3.2933302
1818,1321555,2021,-7.25,52.25,3.3713236
1819,1321556,2021,-7.25,52.75,3.3228383
1820,1321557,2021,-6.75,34.25,1.9115345
1821,1321558,2021,-6.75,37.25,1.9197481
1822,1321559,2021,-6.75,38.25,2.0976543
1823,1321560,2021,-6.75,38.75,2.053853
1824,1321561,2021,-6.75,39.25,2.076522
1825,1321562,2021,-6.75,39.75,2.339362
1826,1321563,2021,-6.75,40.25,2.171729
1827,1321564,2021,-6.75,40.75,2.6623096
1828,1321565,2021,-6.75,41.25,2.698756
1829,1321566,2021,-6.75,41.75,2.7028317
1830,1321567,2021,-6.75,52.25,2.7451339
1831,1321568,2021,-6.75,52.75,2.9146936
1832,1321569,2021,-6.25,33.25,1.5093025
1833,1321570,2021,-6.25,34.75,
1834,1321571,2021,-6.25,35.25,1.8886617
1835,1321572,2021,-6.25,36.25,1.8252797
1836,1321573,2021,-6.25,36.75,1.3479831
1837,1321574,2021,-6.25,37.75,1.5320283
1838,1321575,2021,-6.25,38.25,1.0511837
1839,1321576,2021,-6.25,38.75,1.1156279
1840,1321577,2021,-6.25,39.25,1.147717
1841,1321578,2021,-6.25,39.75,1.4251381
1842,1321579,2021,-6.25,40.25,1.7881509
1843,1321580,2021,-6.25,40.75,1.9637449
1844,1321581,2021,-6.25,41.25,1.6212935
1845,1321582,2021,-6.25,41.75,1.9055641
1846,1321583,2021,-6.25,42.25,2.0359342
1847,1321584,2021,-5.75,33.25,1.5281925
1848,1321585,2021,-5.75,34.25,1.4611293
1849,1321586,2021,-5.75,34.75,1.322893
1850,1321587,2021,-5.75,35.25,1.1164665
1851,1321588,2021,-5.75,35.75,
1852,1321589,2021,-5.75,36.25,1.4108078
1853,1321590,2021,-5.75,36.75,1.4007462
1854,1321591,2021,-5.75,37.25,1.383817
1855,1321592,2021,-5.75,37.75,1.5848787
1856,1321593,2021,-5.75,38.25,1.6178577
1857,1321594,2021,-5.75,38.75,1.8182874
1858,1321595,2021,-5.75,39.25,1.709492
1859,1321596,2021,-5.75,39.75,1.9451051
1860,1321597,2021,-5.75,40.25,1.7324479
1861,1321598,2021,-5.75,40.75,2.1452172
1862,1321599,2021,-5.75,41.25,2.165548
1863,1321600,2021,-5.75,41.75,2.391346
1864,1321601,2021,-5.75,42.25,2.4397156
1865,1321602,2021,-5.75,42.75,3.1573758
1866,1321603,2021,-5.25,33.25,
1867,1321604,2021,-5.25,33.75,2.8160558
1868,1321605,2021,-5.25,34.25,2.7216353
1869,1321606,2021,-5.25,34.75,2.9440665
1870,1321607,2021,-5.25,35.25,2.7973578
1871,1321608,2021,-5.25,35.75,2.6286213
1872,1321609,2021,-5.25,37.25,2.763799
1873,1321610,2021,-5.25,37.75,2.8930035
1874,1321611,2021,-5.25,38.25,3.0398307
1875,1321612,2021,-5.25,38.75,2.9015853
1876,1321613,2021,-5.25,39.25,2.7193303
1877,1321614,2021,-5.25,39.75,2.4415464
1878,1321615,2021,-5.25,40.25,2.124629
1879,1321616,2021,-5.25,40.75,3.0738277
1880,1321617,2021,-5.25,41.25,4.052699
1881,1321618,2021,-5.25,41.75,4.0840464
1882,1321619,2021,-5.25,42.25,4.2154646
1883,1321620,2021,-5.25,42.75,4.048752
1884,1321621,2021,-5.25,50.25,4.09227
1885,1321622,2021,-4.75,33.75,3.178572
1886,1321623,2021,-4.75,34.25,3.3299665
1887,1321624,2021,-4.75,34.75,3.541023
1888,1321625,2021,-4.75,35.25,3.1884794
1889,1321626,2021,-4.75,36.75,3.2814662
1890,1321627,2021,-4.75,37.25,3.2985156
1891,1321628,2021,-4.75,37.75,
1892,1321629,2021,-4.75,38.25,3.4728525
1893,1321630,2021,-4.75,38.75,3.8225775
1894,1321631,2021,-4.75,39.75,3.7408044
1895,1321632,2021,-4.75,40.25,3.9859223
1896,1321633,2021,-4.75,40.75,4.1009226
1897,1321634,2021,-4.75,41.25,3.153393
1898,1321635,2021,-4.75,41.75,3.1901848
1899,1321636,2021,-4.75,42.25,3.3551385
1900,1321637,2021,-4.75,42.75,3.531731
1901,1321638,2021,-4.75,48.25,2.8889868
1902,1321639,2021,-4.75,48.75,2.8305826
1903,1321640,2021,-4.75,50.25,2.8839948
1904,1321641,2021,-4.75,50.75,2.8482492
1905,1321642,2021,-4.75,55.25,4.1020336
1906,1321643,2021,-4.75,55.75,4.248252
1907,1321644,2021,-4.25,34.25,2.622944
1908,1321645,2021,-4.25,34.75,2.5381024
1909,1321646,2021,-4.25,35.25,2.3528743
1910,1321647,2021,-4.25,36.75,2.7636926
1911,1321648,2021,-4.25,37.25,2.9096317
1912,1321649,2021,-4.25,37.75,2.943315
1913,1321650,2021,-4.25,38.25,2.9624994
1914,1321651,2021,-4.25,38.75,3.1143122
1915,1321652,2021,-4.25,39.25,2.7865703
1916,1321653,2021,-4.25,39.75,3.0667975
1917,1321654,2021,-4.25,40.25,3.2359464
1918,1321655,2021,-4.25,40.75,3.2313254
1919,1321656,2021,-4.25,41.25,3.2757058
1920,1321657,2021,-4.25,41.75,3.153756
1921,1321658,2021,-4.25,42.25,3.0845695
1922,1321659,2021,-4.25,42.75,3.0683606
1923,1321660,2021,-4.25,47.75,2.8258173
1924,1321661,2021,-4.25,48.25,3.0297298
1925,1321662,2021,-4.25,48.75,2.8518279
1926,1321663,2021,-4.25,50.25,3.0768504
1927,1321664,2021,-4.25,50.75,3.052578
1928,1321665,2021,-4.25,51.25,3.2311246
1929,1321666,2021,-4.25,55.25,3.577251
1930,1321667,2021,-4.25,55.75,3.8469894
1931,1321668,2021,-3.75,33.75,1.4555317
1932,1321669,2021,-3.75,34.75,1.1530226
1933,1321670,2021,-3.75,35.25,1.5240756
1934,1321671,2021,-3.75,36.75,2.3405306
1935,1321672,2021,-3.75,37.25,2.424223
1936,1321673,2021,-3.75,37.75,2.473204
1937,1321674,2021,-3.75,38.25,2.4562926
1938,1321675,2021,-3.75,38.75,2.5529752
1939,1321676,2021,-3.75,39.25,2.4427464
1940,1321677,2021,-3.75,40.25,2.4745243
1941,1321678,2021,-3.75,40.75,3.323627
1942,1321679,2021,-3.75,41.25,3.3852892
1943,1321680,2021,-3.75,41.75,3.6531708
1944,1321681,2021,-3.75,42.25,3.3318012
1945,1321682,2021,-3.75,42.75,3.4454255
1946,1321683,2021,-3.75,47.75,3.2568274
1947,1321684,2021,-3.75,48.25,3.2467482
1948,1321685,2021,-3.75,48.75,3.2405176
1949,1321686,2021,-3.75,50.25,3.2518082
1950,1321687,2021,-3.75,50.75,3.440088
1951,1321688,2021,-3.75,51.25,3.3294892
1952,1321689,2021,-3.75,55.25,3.9004443
1953,1321690,2021,-3.75,55.75,3.560033
1954,1321691,2021,-3.75,56.25,4.2486353
1955,1321692,2021,-3.25,36.75,2.7545955
1956,1321693,2021,-3.25,37.25,3.1593504
1957,1321694,2021,-3.25,37.75,3.473836
1958,1321695,2021,-3.25,38.25,3.5649467
1959,1321696,2021,-3.25,38.75,3.6008644
1960,1321697,2021,-3.25,39.25,3.070345
1961,1321698,2021,-3.25,39.75,3.428307
1962,1321699,2021,-3.25,40.25,3.4851122
1963,1321700,2021,-3.25,40.75,3.4448187
1964,1321701,2021,-3.25,41.25,3.245934
1965,1321702,2021,-3.25,41.75,3.105537
1966,1321703,2021,-3.25,42.25,3.107531
1967,1321704,2021,-3.25,42.75,3.2134347
1968,1321705,2021,-3.25,47.75,2.7803473
1969,1321706,2021,-3.25,48.25,2.710492
1970,1321707,2021,-3.25,48.75,5.093971
1971,1321708,2021,-3.25,50.75,5.794749
1972,1321709,2021,-3.25,51.25,5.5239797
1973,1321710,2021,-3.25,52.25,4.4602222
1974,1321711,2021,-3.25,52.75,4.648895
1975,1321712,2021,-3.25,54.75,3.9103725
1976,1321713,2021,-3.25,55.25,5.980717
1977,1321714,2021,-3.25,55.75,6.014688
1978,1321715,2021,-3.25,56.25,4.803187
1979,1321716,2021,-3.25,56.75,5.301459
1980,1321717,2021,-2.75,36.75,4.1092987
1981,1321718,2021,-2.75,37.75,3.448055
1982,1321719,2021,-2.75,38.25,4.8481
1983,1321720,2021,-2.75,38.75,4.415745
1984,1321721,2021,-2.75,39.25,4.060855
1985,1321722,2021,-2.75,39.75,6.8675923
1986,1321723,2021,-2.75,40.75,6.6174197
1987,1321724,2021,-2.75,41.25,5.1386476
1988,1321725,2021,-2.75,41.75,5.0710797
1989,1321726,2021,-2.75,42.25,5.0065694
1990,1321727,2021,-2.75,42.75,6.1295915
1991,1321728,2021,-2.75,47.75,5.4263144
1992,1321729,2021,-2.75,48.25,3.8665106
1993,1321730,2021,-2.75,48.75,5.495765
1994,1321731,2021,-2.75,50.75,5.15987
1995,1321732,2021,-2.75,51.25,3.5835667
1996,1321733,2021,-2.75,51.75,5.1334043
1997,1321734,2021,-2.75,52.25,3.5062973
1998,1321735,2021,-2.75,52.75,3.9735436
1999,1321736,2021,-2.75,53.25,2.5961864
